Employee.Name,PerfScore,FromDiversityJobFair,Salary,Termd,PositionID,Position,State,Zip,DOB,Sex,MaritalDesc,CitizenDesc,HispanicLatino,RaceDesc,DateofHire,DateofTermination,TermReason,EmploymentStatus,Department,ManagerName,ManagerID,RecruitmentSource,EngagementSurvey,EmpSatisfaction,SpecialProjectsCount,ManPos,TechLev,JobStr,AssColl,AssSelf,AssLead,TeamIden,OrgIden,ConHour,CarOpp,PsySafe,Voice,Trust,OCB
"Adinolfi, Wilson  K",3,0,62506,0,19,Production Technician I,MA,1960,07/10/83,M ,Single,US Citizen,No,White,7/5/2011,,N/A-StillEmployed,Active,Production       ,Michael Albert,22,LinkedIn,"4,6",5,0,0,5,3,4,2,3,4,3,32,3,4,5,5,4
"Ait Sidi, Karthikeyan   ",4,0,104437,1,27,Sr. DBA,MA,2148,05/05/75,M ,Married,US Citizen,No,White,3/30/2015,6/16/2020,career change,Voluntarily Terminated,IT/IS,Simon Roup,4,Indeed,"4,96",3,6,1,5,4,1,4,4,3,3,40,1,2,3,3,3
"Akinkuolie, Sarah",2,0,64955,1,20,Production Technician II,MA,1810,09/19/88,F,Married,US Citizen,No,White,7/5/2011,9/24/2016,hours,Voluntarily Terminated,Production       ,Kissy Sullivan,20,LinkedIn,"3,02",3,0,0,3,4,2,2,3,1,2,40,1,2,2,2,1
"Alagbe,Trina",4,0,64991,0,19,Production Technician I,MA,1886,09/27/88,F,Married,US Citizen,No,White,1/7/2008,,N/A-StillEmployed,Active,Production       ,Elijiah Gray,16,Indeed,"4,84",5,0,0,6,2,3,3,4,4,3,40,4,3,4,4,4
"Anderson, Carol ",3,0,50825,1,19,Production Technician I,MA,2169,09/08/89,F,Divorced,US Citizen,No,White,7/11/2011,9/6/2020,return to school,Voluntarily Terminated,Production       ,Webster Butler,39,Google Search,5,4,0,0,6,4,3,3,3,3,3,36,3,2,2,4,3
"Anderson, Linda  ",3,0,57568,0,19,Production Technician I,MA,1844,05/22/77,F,Single,US Citizen,No,White,1/9/2012,,N/A-StillEmployed,Active,Production       ,Amy Dunn,11,LinkedIn,5,5,0,0,3,1,5,4,5,3,3,24,4,2,1,4,4
"Andreola, Colby",3,0,95660,0,24,Software Engineer,MA,2110,05/24/79,F,Single,US Citizen,No,White,11/10/2014,,N/A-StillEmployed,Active,Software Engineering,Alex Sweetwater,10,LinkedIn,"3,04",3,4,0,6,4,4,2,4,4,3,40,1,3,3,3,1
"Athwal, Sam",3,0,59365,0,19,Production Technician I,MA,2199,02/18/83,M ,Widowed,US Citizen,No,White,9/30/2013,,N/A-StillEmployed,Active,Production       ,Ketsia Liebig,19,Employee Referral,5,4,0,0,7,5,3,3,3,5,3,32,4,3,4,3,3
"Bachiochi, Linda",2,1,47837,0,19,Production Technician I,MA,1902,02/11/70,F,Single,US Citizen,No,Black or African American,7/6/2009,,N/A-StillEmployed,Active,Production       ,Brannon Miller,12,Diversity Job Fair,"4,46",3,0,0,5,3,4,3,2,5,2,32,1,5,4,2,3
"Bacong, Alejandro ",4,0,50178,0,14,IT Support,MA,1886,01/07/88,M ,Divorced,US Citizen,No,White,1/5/2015,,N/A-StillEmployed,Active,IT/IS,Peter Monroe,7,Indeed,5,5,6,1,6,2,2,4,3,4,4,40,3,4,5,5,3
"Baczenski, Rachael  ",3,1,54670,1,19,Production Technician I,MA,1902,01/12/74,F,Married,US Citizen,Yes,Black or African American,1/10/2011,1/12/2021,Another position,Voluntarily Terminated,Production       ,David Stanley,14,Diversity Job Fair,"4,2",4,0,0,4,4,2,3,2,1,3,40,2,1,2,4,3
"Barbara, Thomas",2,1,47211,1,19,Production Technician I,MA,2062,02/21/74,M ,Married,US Citizen,Yes,Black or African American,4/2/2012,9/19/2020,unhappy,Voluntarily Terminated,Production       ,Kissy Sullivan,20,Diversity Job Fair,"4,2",3,0,0,5,4,1,3,2,3,3,40,1,2,1,3,2
"Barbossa, Hector",3,1,92328,0,9,Data Analyst,TX,78230,07/04/88,M ,Divorced,US Citizen,No,Black or African American,11/10/2014,,N/A-StillEmployed,Active,IT/IS,Simon Roup,4,Diversity Job Fair,"4,28",4,5,1,6,3,4,4,5,3,4,40,4,2,5,3,4
"Barone, Francesco  A",4,0,58709,0,19,Production Technician I,MA,1810,07/20/83,M ,Single,US Citizen,No,Two or more races,2/20/2012,,N/A-StillEmployed,Active,Production       ,Kelley Spirea,18,Google Search,"4,6",4,0,0,4,3,3,3,4,5,4,40,3,3,4,5,3
"Barton, Nader",3,0,52505,1,19,Production Technician I,MA,2747,07/15/77,M ,Divorced,US Citizen,No,White,9/24/2012,4/6/2021,Another position,Voluntarily Terminated,Production       ,Michael Albert,22,On-line Web application,5,5,0,0,4,1,3,4,3,2,2,32,3,3,3,3,4
"Bates, Norman",2,0,57834,1,19,Production Technician I,MA,2050,10/18/81,M ,Single,US Citizen,No,White,2/21/2011,8/4/2021,attendance,Terminated for Cause,Production       ,Kelley Spirea,18,Google Search,5,4,0,0,4,2,4,3,5,4,4,40,2,2,1,4,4
"Beak, Kimberly  ",4,0,70131,0,20,Production Technician II,MA,2145,04/17/66,F,Married,US Citizen,No,White,7/21/2016,,N/A-StillEmployed,Active,Production       ,Kelley Spirea,18,Employee Referral,"4,4",3,0,0,5,4,3,4,3,5,2,32,2,2,3,4,3
"Beatrice, Courtney ",2,0,59026,0,19,Production Technician I,MA,1915,10/27/70,F,Single,Eligible NonCitizen,No,White,4/4/2011,,N/A-StillEmployed,Active,Production       ,Elijiah Gray,16,Google Search,5,5,0,0,4,3,5,4,3,3,3,24,4,4,5,5,4
"Becker, Renee",3,0,110000,1,8,Database Administrator,MA,2026,04/04/86,F,Single,US Citizen,Yes,White,7/7/2014,9/12/2019,performance,Terminated for Cause,IT/IS,Simon Roup,4,Google Search,"4,5",4,5,1,5,2,2,1,1,1,2,40,2,2,2,4,3
"Becker, Scott",3,0,53250,0,19,Production Technician I,MA,2452,04/06/79,M ,Single,US Citizen,No,Asian,7/8/2013,,N/A-StillEmployed,Active,Production       ,Webster Butler,2,LinkedIn,"4,2",4,0,1,4,3,5,4,2,3,2,40,2,4,4,4,3
"Bernstein, Sean",3,0,51044,0,19,Production Technician I,MA,2072,12/22/70,M ,Single,US Citizen,Yes,White,4/2/2012,,N/A-StillEmployed,Active,Production       ,Amy Dunn,11,Google Search,5,3,0,0,7,4,3,3,4,4,3,40,2,3,2,3,4
"Biden, Lowan  M",3,0,64919,0,19,Production Technician I,MA,2027,12/27/58,F,Divorced,US Citizen,No,Asian,8/19/2013,,N/A-StillEmployed,Active,Production       ,Ketsia Liebig,19,Indeed,"4,2",3,0,0,5,3,2,4,5,5,4,40,3,1,3,4,3
"Billis, Helen",3,0,62910,0,19,Production Technician I,MA,2031,09/01/89,F,Married,US Citizen,No,White,7/7/2014,,N/A-StillEmployed,Active,Production       ,Brannon Miller,12,Indeed,5,3,0,0,7,3,3,4,4,4,4,32,4,2,4,4,3
"Blount, Dianna",3,0,66441,0,20,Production Technician II,MA,2171,09/21/90,F,Single,US Citizen,No,White,4/4/2011,,N/A-StillEmployed,Active,Production       ,Michael Albert,22,CareerBuilder,2,3,0,0,5,5,3,2,4,2,2,32,1,2,3,3,2
"Bondwell, Betsy",2,0,57815,1,20,Production Technician II,MA,2210,01/16/67,F,Single,US Citizen,No,White,1/10/2011,4/4/2018,career change,Voluntarily Terminated,Production       ,Elijiah Gray,16,Google Search,"4,8",5,0,0,6,2,3,5,3,4,3,40,4,2,3,4,3
"Booth, Frank",2,0,103613,1,30,Enterprise Architect,CT,6033,07/30/64,M ,Single,US Citizen,No,Black or African American,2/17/2014,2/19/2020,Learned that he is a gangster,Terminated for Cause,IT/IS,Simon Roup,4,LinkedIn,"3,5",5,7,1,4,4,2,1,1,2,3,24,3,1,3,3,3
"Boutwell, Bonalyn",4,1,106367,0,26,Sr. Accountant,MA,2468,04/04/87,F,Married,US Citizen,No,Black or African American,2/16/2015,,N/A-StillEmployed,Active,Admin Offices,Brandon R. LeBlanc,3,Diversity Job Fair,5,4,3,1,7,2,4,3,3,4,3,40,4,2,2,3,3
"Bozzi, Charles",2,0,74312,1,18,Production Manager,MA,1901,03/10/70,M ,Single,US Citizen,No,Asian,9/30/2013,8/7/2018,retiring,Voluntarily Terminated,Production       ,Janet King,2,Indeed,"3,39",3,0,1,3,4,1,2,2,3,2,40,1,2,3,3,2
"Brill, Donna",3,0,53492,1,19,Production Technician I,MA,1701,08/24/90,F,Married,US Citizen,No,White,4/2/2012,6/15/2017,Another position,Voluntarily Terminated,Production       ,David Stanley,14,Google Search,"3,35",4,0,0,2,2,3,1,2,2,2,32,1,2,3,2,3
"Brown, Mia",2,1,63000,0,1,Accountant I,MA,1450,11/24/87,F,Married,US Citizen,No,Black or African American,10/27/2008,,N/A-StillEmployed,Active,Admin Offices,Brandon R. LeBlanc,1,Diversity Job Fair,"4,5",2,6,1,7,3,3,3,3,3,3,40,2,2,4,3,4
"Buccheri, Joseph  ",2,0,65288,0,20,Production Technician II,MA,1013,07/28/83,M ,Single,US Citizen,No,White,9/29/2014,,N/A-StillEmployed,Active,Production       ,Webster Butler,2,Google Search,"3,19",3,0,1,2,4,2,4,4,3,3,40,2,3,2,3,3
"Bugali, Josephine ",2,1,64375,0,19,Production Technician I,MA,2043,10/30/69,F,Separated,US Citizen,No,Black or African American,11/11/2013,,N/A-StillEmployed,Active,Production       ,Kissy Sullivan,20,Diversity Job Fair,"3,5",5,0,0,7,4,1,2,3,3,5,40,3,3,4,3,2
"Bunbury, Jessica",3,0,74326,1,3,Area Sales Manager,VA,21851,06/01/64,F,Married,Eligible NonCitizen,No,Black or African American,8/15/2011,8/2/2018,Another position,Voluntarily Terminated,Sales,John Smith,17,Google Search,"3,14",5,0,0,2,3,3,3,4,3,3,32,1,3,4,3,2
"Burke, Joelle",4,0,63763,0,20,Production Technician II,MA,2148,03/02/80,F,Single,US Citizen,No,Black or African American,3/5/2012,,N/A-StillEmployed,Active,Production       ,Amy Dunn,11,Employee Referral,"4,51",4,0,0,6,3,3,3,2,3,3,36,4,2,4,4,3
"Burkett, Benjamin ",2,0,62162,0,20,Production Technician II,MA,1890,08/19/77,M ,Married,US Citizen,No,White,4/4/2011,,N/A-StillEmployed,Active,Production       ,Ketsia Liebig,19,Indeed,"3,25",5,0,0,5,2,2,4,2,4,3,24,5,2,2,4,3
"Cady, Max ",4,0,77692,0,25,Software Engineering Manager,MA,2184,11/22/66,M ,Single,US Citizen,No,White,8/15/2011,,N/A-StillEmployed,Active,Software Engineering,Jennifer Zamora,5,Google Search,"3,84",3,5,1,6,4,4,3,3,2,2,40,2,2,4,4,3
"Candie, Calvin",4,0,72640,0,18,Production Manager,MA,2169,08/09/83,M ,Single,US Citizen,No,White,1/28/2016,,N/A-StillEmployed,Active,Production       ,Janet King,2,Indeed,5,3,0,1,6,3,3,4,2,4,3,40,2,4,4,4,3
"Carabbio, Judith",3,0,93396,0,24,Software Engineer,MA,2132,04/05/87,F,Single,US Citizen,No,White,11/11/2013,,N/A-StillEmployed,Active,Software Engineering,Alex Sweetwater,10,Indeed,"4,96",4,6,0,6,2,4,3,2,4,3,40,3,3,3,4,3
"Carey, Michael  ",3,0,52846,0,19,Production Technician I,MA,1701,02/02/83,M ,Single,US Citizen,No,Black or African American,3/31/2014,,N/A-StillEmployed,Active,Production       ,Kelley Spirea,18,LinkedIn,"4,43",3,0,0,7,3,2,3,2,2,2,40,2,4,4,1,4
"Carr, Claudia  N",2,0,100031,0,27,Sr. DBA,MA,1886,06/06/86,F,Single,US Citizen,No,Black or African American,6/30/2016,,N/A-StillEmployed,Active,IT/IS,Simon Roup,4,LinkedIn,5,5,6,1,5,4,3,3,4,4,3,40,4,3,3,4,4
"Carter, Michelle ",4,0,71860,0,3,Area Sales Manager,VT,5664,05/15/63,F,Single,US Citizen,No,White,8/18/2014,,N/A-StillEmployed,Active,Sales,John Smith,17,Indeed,5,5,0,0,7,3,4,4,3,3,2,40,3,3,4,5,4
"Chace, Beatrice ",3,0,61656,0,19,Production Technician I,MA,2763,01/02/51,F,Single,US Citizen,No,White,9/29/2014,,N/A-StillEmployed,Active,Production       ,Michael Albert,22,Google Search,5,4,0,0,4,3,2,3,2,3,3,32,3,4,5,4,4
"Champaigne, Brian",5,0,110929,0,5,BI Director,MA,2045,02/09/72,M ,Married,US Citizen,No,White,9/6/2016,,N/A-StillEmployed,Active,IT/IS,Jennifer Zamora,5,Indeed,"4,5",5,7,1,2,2,4,4,4,4,3,40,2,5,5,4,2
"Chan, Lin",1,0,54237,0,19,Production Technician I,MA,2170,02/12/79,F,Single,US Citizen,No,White,5/12/2014,,N/A-StillEmployed,Active,Production       ,Elijiah Gray,16,Indeed,"3,3",4,0,0,4,2,2,4,2,3,3,40,3,2,2,5,3
"Chang, Donovan  E",3,0,60380,0,19,Production Technician I,MA,1845,08/24/83,M ,Single,US Citizen,No,White,7/8/2013,,N/A-StillEmployed,Active,Production       ,Webster Butler,2,LinkedIn,"3,8",5,0,1,5,2,4,3,3,4,3,40,3,4,3,4,3
"Chigurh, Anton",2,0,66808,0,3,Area Sales Manager,TX,78207,06/11/70,M ,Single,Eligible NonCitizen,No,Black or African American,5/14/2012,,N/A-StillEmployed,Active,Sales,Lynn Daneault,21,Employee Referral,3,5,0,0,3,2,3,5,2,2,5,40,3,2,4,3,3
"Chivukula, Enola",3,0,64786,1,19,Production Technician I,MA,1775,08/27/83,F,Single,US Citizen,No,White,6/27/2011,11/15/2019,relocation out of area,Voluntarily Terminated,Production       ,Amy Dunn,11,Indeed,"4,3",4,0,0,1,2,3,1,3,1,3,32,1,3,2,4,2
"Cierpiszewski, Caroline  ",4,0,64816,0,19,Production Technician I,MA,2044,05/31/88,F,Single,Non-Citizen,No,Black or African American,10/3/2011,,N/A-StillEmployed,Active,Production       ,Ketsia Liebig,19,Indeed,"3,58",5,0,0,5,3,3,2,4,3,3,36,3,1,3,4,3
"Clayton, Rick",4,0,68678,0,14,IT Support,MA,2170,09/05/85,M ,Single,US Citizen,No,White,9/5/2012,,N/A-StillEmployed,Active,IT/IS,Eric Dougall,6,Indeed,"4,7",3,6,1,6,4,3,3,2,4,2,40,2,3,2,4,3
"Cloninger, Jennifer",2,0,64066,1,20,Production Technician II,MA,1752,08/31/81,F,Married,US Citizen,No,White,5/16/2011,1/7/2017,unhappy,Voluntarily Terminated,Production       ,Brannon Miller,12,Google Search,"4,2",5,0,0,1,2,2,3,1,2,3,32,3,2,4,3,2
"Close, Phil",2,0,59369,1,20,Production Technician II,MA,2169,11/25/78,M ,Married,US Citizen,No,White,8/30/2010,9/26/2015,career change,Voluntarily Terminated,Production       ,David Stanley,14,Indeed,"4,2",4,0,0,6,4,1,2,1,2,2,40,3,2,2,3,2
"Clukey, Elijian",4,0,50373,0,19,Production Technician I,MA,2134,08/26/80,M ,Married,US Citizen,No,White,7/6/2016,,N/A-StillEmployed,Active,Production       ,Brannon Miller,12,Employee Referral,"4,1",4,0,0,1,3,3,3,3,2,3,40,2,2,2,4,3
"Cockel, James",4,0,63108,0,19,Production Technician I,MA,2452,09/08/77,M ,Single,US Citizen,No,White,7/8/2013,,N/A-StillEmployed,Active,Production       ,David Stanley,14,Employee Referral,"4,4",5,0,0,3,2,3,3,3,5,3,40,3,4,5,3,4
"Cole, Spencer",3,0,59144,1,19,Production Technician I,MA,1880,08/12/79,M ,Single,US Citizen,No,Black or African American,7/11/2011,9/23/2020,performance,Terminated for Cause,Production       ,Kissy Sullivan,20,LinkedIn,2,3,0,0,5,5,2,2,3,2,2,32,1,1,1,2,1
"Corleone, Michael",5,0,68051,0,18,Production Manager,MA,1803,12/17/75,M ,Divorced,US Citizen,No,White,7/20/2010,,N/A-StillEmployed,Active,Production       ,Janet King,2,CareerBuilder,"4,13",2,0,1,8,4,4,3,4,1,2,40,1,3,2,4,3
"Corleone, Vito",4,0,170500,0,10,Director of Operations,MA,2030,03/19/83,M ,Single,US Citizen,No,Black or African American,1/5/2009,,N/A-StillEmployed,Active,Production       ,Janet King,2,Indeed,"3,7",5,0,1,4,3,4,4,4,5,3,40,3,2,4,4,4
"Cornett, Lisa ",3,0,63381,0,19,Production Technician I,MA,2189,03/31/77,F,Married,US Citizen,Yes,White,1/5/2015,,N/A-StillEmployed,Active,Production       ,Kelley Spirea,18,Indeed,"4,73",5,0,0,7,4,3,4,3,4,2,24,4,3,4,3,4
"Costello, Frank",2,0,83552,0,9,Data Analyst,MA,1810,08/26/86,M ,Married,US Citizen,No,White,3/30/2015,,N/A-StillEmployed,Active,IT/IS,Simon Roup,4,Indeed,"3,04",3,6,1,5,2,2,2,1,3,2,40,2,2,4,3,2
"Crimmings,   Jean",4,0,56149,0,19,Production Technician I,MA,1821,04/10/87,F,Single,US Citizen,No,White,7/6/2016,,N/A-StillEmployed,Active,Production       ,Michael Albert,22,LinkedIn,"4,12",5,0,0,2,3,3,3,3,3,4,24,3,3,5,3,3
"Cross, Noah",3,0,92329,0,28,Sr. Network Engineer,CT,6278,09/09/65,M ,Single,US Citizen,No,White,11/10/2014,,N/A-StillEmployed,Active,IT/IS,Peter Monroe,7,Employee Referral,5,3,4,1,7,4,1,5,4,3,4,40,4,2,4,3,3
"Daneault, Lynn",2,0,65729,0,21,Sales Manager,VT,5473,04/19/90,F,Single,US Citizen,No,White,5/5/2014,,N/A-StillEmployed,Active,Sales,Debra Houlihan,15,Indeed,"4,62",4,0,0,9,2,3,4,4,4,3,40,3,3,2,5,5
"Daniele, Ann  ",2,0,85028,0,28,Sr. Network Engineer,CT,6033,01/18/52,F,Married,US Citizen,No,White,11/10/2014,,N/A-StillEmployed,Active,IT/IS,Peter Monroe,7,LinkedIn,"3,1",5,8,1,4,4,3,4,4,4,2,40,4,2,4,4,3
"Darson, Jene'ya ",4,0,57583,0,19,Production Technician I,MA,2110,11/05/78,F,Married,US Citizen,No,White,7/2/2012,,N/A-StillEmployed,Active,Production       ,Elijiah Gray,16,Indeed,5,3,0,0,6,3,3,4,4,2,3,32,3,2,3,3,3
"Davis, Daniel",2,0,56294,0,20,Production Technician II,MA,2458,09/14/79,M ,Single,Eligible NonCitizen,No,Two or more races,11/7/2011,,N/A-StillEmployed,Active,Production       ,Kissy Sullivan,20,LinkedIn,"3,96",4,0,0,6,4,3,5,4,3,2,32,2,3,2,4,3
"Dee, Randy",3,0,56991,0,19,Production Technician I,MA,2138,04/15/88,M ,Married,US Citizen,No,White,7/9/2018,,N/A-StillEmployed,Active,Production       ,Brannon Miller,12,Indeed,"4,3",4,3,0,6,2,2,4,4,2,3,40,3,2,5,4,3
"DeGweck,  James",3,0,55722,1,19,Production Technician I,MA,1810,10/31/77,M ,Married,US Citizen,No,White,5/16/2011,6/8/2020,unhappy,Voluntarily Terminated,Production       ,Webster Butler,39,Indeed,5,4,0,0,2,4,3,4,3,3,4,40,3,2,1,4,1
"Del Bosque, Keyla",4,0,101199,0,24,Software Engineer,MA,2176,07/05/79,F,Single,US Citizen,No,Black or African American,1/9/2012,,N/A-StillEmployed,Active,Software Engineering,Alex Sweetwater,10,CareerBuilder,"3,79",5,5,0,1,2,5,2,4,4,3,40,3,2,3,3,4
"Delarge, Alex",2,0,61568,0,3,Area Sales Manager,AL,36006,11/02/75,M ,Single,US Citizen,No,Two or more races,9/29/2014,,N/A-StillEmployed,Active,Sales,John Smith,17,Indeed,"1,93",3,0,0,4,3,2,2,2,2,3,40,3,1,2,3,2
"Demita, Carla",3,0,58275,1,20,Production Technician II,MA,2343,02/25/51,F,Separated,US Citizen,No,Black or African American,4/4/2011,11/4/2019,more money,Voluntarily Terminated,Production       ,Kelley Spirea,18,Google Search,"4,62",5,0,0,2,3,3,2,2,4,3,40,2,3,2,1,3
"Desimone, Carl ",2,0,53189,0,19,Production Technician I,MA,2061,04/19/67,M ,Married,US Citizen,No,White,7/7/2014,,N/A-StillEmployed,Active,Production       ,Amy Dunn,11,Indeed,"1,12",2,0,0,4,4,3,2,5,4,2,40,1,1,2,2,2
"DeVito, Tommy",3,0,96820,0,4,BI Developer,MA,2045,09/04/83,M ,Single,US Citizen,No,White,2/15/2017,,N/A-StillEmployed,Active,IT/IS,Brian Champaigne,13,Indeed,"3,01",5,7,0,3,3,3,5,4,3,3,40,3,3,3,3,3
"Dickinson, Geoff ",3,0,51259,0,19,Production Technician I,MA,2180,11/15/82,M ,Single,US Citizen,No,White,5/12/2014,,N/A-StillEmployed,Active,Production       ,Ketsia Liebig,19,Indeed,"4,3",4,0,0,6,2,2,3,4,3,3,32,4,2,3,3,3
"Dietrich, Jenna  ",2,0,59231,0,3,Area Sales Manager,WA,98052,05/14/87,F,Single,US Citizen,Yes,White,2/20/2012,,N/A-StillEmployed,Active,Sales,John Smith,17,Website,"2,3",1,0,0,4,3,3,3,4,3,2,40,1,1,1,2,1
"DiNocco, Lily ",3,0,61584,0,19,Production Technician I,MA,2351,12/02/78,F,Married,US Citizen,No,Black or African American,1/7/2013,,N/A-StillEmployed,Active,Production       ,Brannon Miller,12,Indeed,"3,88",4,0,0,6,4,2,5,4,3,3,40,4,2,4,3,3
"Dobrin, Denisa  S",1,0,46335,0,19,Production Technician I,MA,2125,10/07/86,F,Single,US Citizen,Yes,White,4/2/2012,,N/A-StillEmployed,Active,Production       ,David Stanley,14,CareerBuilder,"3,4",5,0,0,6,5,4,4,3,5,2,32,4,2,3,4,3
"Dolan, Linda",3,0,70621,0,14,IT Support,MA,2119,07/18/88,F,Married,US Citizen,No,White,1/5/2015,,N/A-StillEmployed,Active,IT/IS,Peter Monroe,7,Employee Referral,"4,11",4,6,1,3,2,3,3,4,4,4,40,2,3,4,3,3
"Dougall, Eric",4,0,138888,0,13,IT Manager - Support,MA,1886,07/09/70,M ,Single,US Citizen,No,Black or African American,1/5/2014,,N/A-StillEmployed,Active,IT/IS,Jennifer Zamora,5,Indeed,"4,3",5,5,1,9,2,4,3,5,4,3,40,4,4,5,4,3
"Driver, Elle",3,0,74241,0,3,Area Sales Manager,CA,90007,11/08/88,F,Single,US Citizen,No,White,1/10/2011,,N/A-StillEmployed,Active,Sales,Lynn Daneault,21,Indeed,"4,77",5,0,0,5,2,4,4,3,4,3,40,2,4,4,4,4
"Dunn, Amy  ",2,0,75188,0,18,Production Manager,MA,1731,11/28/73,F,Single,US Citizen,No,White,9/18/2014,,N/A-StillEmployed,Active,Production       ,Janet King,2,Google Search,"4,52",4,0,1,4,2,3,3,1,4,3,24,2,3,3,5,3
"Dunne, Amy",3,0,62514,0,19,Production Technician I,MA,1749,09/23/73,F,Married,US Citizen,No,White,4/26/2010,,N/A-StillEmployed,Active,Production       ,Ketsia Liebig,19,Google Search,"2,9",3,0,0,7,3,4,4,4,2,2,40,2,2,3,4,3
"Eaton, Marianne",2,0,60070,1,19,Production Technician I,MA,2343,09/05/91,F,Married,US Citizen,No,White,4/4/2011,6/6/2021,military,Voluntarily Terminated,Production       ,Kissy Sullivan,20,Google Search,5,3,0,0,5,2,1,3,2,3,3,32,3,1,2,3,2
"Engdahl, Jean",2,0,48888,0,19,Production Technician I,MA,2026,05/31/74,M ,Single,US Citizen,No,White,11/10/2014,,N/A-StillEmployed,Active,Production       ,Kelley Spirea,18,LinkedIn,"4,7",5,0,0,7,5,3,3,2,5,4,40,4,3,4,5,3
"England, Rex",3,0,54285,0,19,Production Technician I,MA,2045,08/25/78,M ,Married,US Citizen,No,White,3/31/2014,,N/A-StillEmployed,Active,Production       ,Kelley Spirea,18,Employee Referral,"4,2",3,0,0,6,3,3,4,4,3,3,40,3,2,4,3,3
"Erilus, Angela",3,0,56847,0,20,Production Technician II,MA,2133,08/25/89,F,Separated,US Citizen,No,White,7/7/2014,,N/A-StillEmployed,Active,Production       ,Michael Albert,22,Indeed,3,1,0,0,8,4,4,2,5,4,2,40,2,1,1,2,2
"Estremera, Miguel",3,0,60340,1,19,Production Technician I,MA,2129,09/02/83,M ,Single,US Citizen,No,White,4/2/2012,9/27/2022,attendance,Terminated for Cause,Production       ,Michael Albert,22,Google Search,5,4,0,0,4,4,2,2,2,3,2,32,2,3,3,3,4
"Evensen, April",1,0,59124,1,19,Production Technician I,MA,2458,05/06/89,F,Single,US Citizen,No,White,2/17/2014,2/25/2022,"no-call, no-show",Terminated for Cause,Production       ,Elijiah Gray,16,Google Search,"2,3",3,0,0,7,4,1,2,2,1,2,24,1,1,2,2,2
"Exantus, Susan",2,0,99280,1,24,Software Engineer,MA,1749,05/15/87,F,Married,US Citizen,No,Black or African American,5/2/2011,6/5/2017,attendance,Terminated for Cause,Software Engineering,Alex Sweetwater,10,Indeed,"2,1",5,4,0,1,3,2,4,4,2,3,40,2,1,2,3,3
"Faller, Megan ",3,0,71776,0,20,Production Technician II,MA,1824,09/22/78,F,Married,US Citizen,No,Black or African American,7/7/2014,,N/A-StillEmployed,Active,Production       ,Elijiah Gray,16,LinkedIn,"4,4",5,0,0,4,3,4,4,3,3,3,36,4,1,2,4,3
"Fancett, Nicole",3,0,65902,0,20,Production Technician II,MA,2324,09/27/87,F,Single,US Citizen,No,Black or African American,2/17/2014,,N/A-StillEmployed,Active,Production       ,Webster Butler,2,LinkedIn,4,4,0,1,5,2,2,4,3,3,3,40,3,3,4,3,2
"Ferguson, Susan",2,0,57748,1,19,Production Technician I,MA,2176,04/14/55,F,Married,US Citizen,No,White,11/7/2011,5/17/2020,military,Voluntarily Terminated,Production       ,Webster Butler,39,Google Search,"3,13",3,0,0,6,3,1,1,2,2,2,40,2,1,2,2,1
"Fernandes, Nilson  ",2,0,64057,0,19,Production Technician I,MA,2132,10/18/89,M ,Married,US Citizen,No,White,5/11/2015,,N/A-StillEmployed,Active,Production       ,Amy Dunn,11,Indeed,"1,56",5,0,0,4,4,4,1,2,1,2,40,2,3,5,4,2
"Fett, Boba",2,0,53366,0,15,Network Engineer,MA,2138,06/18/87,M ,Single,US Citizen,No,White,3/30/2015,,N/A-StillEmployed,Active,IT/IS,Peter Monroe,7,LinkedIn,"1,2",3,6,1,8,4,2,3,2,1,1,40,4,1,4,2,2
"Fidelia,  Libby",4,0,58530,0,19,Production Technician I,MA,2155,03/16/81,F,Married,US Citizen,No,White,1/9/2012,,N/A-StillEmployed,Active,Production       ,Brannon Miller,12,Google Search,5,5,0,0,5,3,5,3,4,5,3,40,3,3,5,5,5
"Fitzpatrick, Michael  J",4,0,72609,1,20,Production Technician II,MA,2143,10/01/81,M ,Single,US Citizen,Yes,White,5/16/2011,6/24/2017,hours,Voluntarily Terminated,Production       ,Amy Dunn,11,Google Search,"4,76",5,0,0,2,3,4,3,3,3,3,40,1,3,4,4,4
"Foreman, Tanya",3,0,55965,1,20,Production Technician II,MA,2170,11/08/83,F,Married,US Citizen,No,White,4/4/2011,1/9/2017,career change,Voluntarily Terminated,Production       ,Ketsia Liebig,19,Google Search,"3,66",3,0,0,6,1,3,2,2,4,1,24,1,2,3,3,2
"Forrest, Alex",3,0,70187,1,3,Area Sales Manager,MA,2330,07/07/75,M ,Married,US Citizen,No,White,9/29/2014,8/19/2022,Fatal attraction,Terminated for Cause,Sales,Lynn Daneault,21,Employee Referral,2,5,0,0,1,2,2,3,2,1,2,40,1,1,2,2,2
"Foss, Jason",5,0,178000,0,12,IT Director,MA,1460,07/05/80,M ,Single,US Citizen,No,Black or African American,4/15/2011,,N/A-StillEmployed,Active,IT/IS,Jennifer Zamora,5,Indeed,5,5,5,1,3,3,3,4,5,3,4,40,3,4,3,5,4
"Foster-Baker, Amy",4,0,99351,0,26,Sr. Accountant,MA,2050,04/16/79,F,Married,US Citizen,no,White,1/5/2009,,N/A-StillEmployed,Active,Admin Offices,Board of Directors,9,Other,5,3,2,1,9,4,2,4,3,3,3,40,3,3,3,3,3
"Fraval, Maruk ",3,0,67251,0,3,Area Sales Manager,CT,6050,08/28/63,M ,Single,US Citizen,No,Black or African American,9/6/2011,,N/A-StillEmployed,Active,Sales,Lynn Daneault,21,CareerBuilder,"4,3",3,0,0,2,4,3,4,3,4,4,40,1,3,4,3,3
"Galia, Lisa",3,0,65707,0,14,IT Support,CT,6040,07/06/68,F,Single,US Citizen,No,White,5/1/2010,,N/A-StillEmployed,Active,IT/IS,Eric Dougall,6,LinkedIn,"4,7",4,5,1,8,2,3,4,2,3,3,40,4,2,4,4,4
"Garcia, Raul",2,0,52249,0,19,Production Technician I,MA,1905,09/15/85,M ,Single,US Citizen,Yes,White,3/30/2015,,N/A-StillEmployed,Active,Production       ,David Stanley,14,Employee Referral,"4,5",3,0,0,7,4,2,2,1,2,3,40,4,1,1,3,3
"Gaul, Barbara",3,0,53171,0,19,Production Technician I,MA,2121,12/02/83,F,Single,US Citizen,Yes,Black or African American,5/16/2011,,N/A-StillEmployed,Active,Production       ,Kelley Spirea,18,LinkedIn,"4,2",4,0,0,5,4,3,4,3,3,4,40,3,2,4,4,3
"Gentry, Mildred",3,0,51337,0,19,Production Technician I,MA,2145,10/01/90,F,Married,US Citizen,No,Black or African American,3/30/2015,,N/A-StillEmployed,Active,Production       ,Michael Albert,22,LinkedIn,"3,73",3,0,0,5,3,3,4,2,4,1,32,1,3,3,3,2
"Gerke, Melisa",2,1,51505,1,19,Production Technician I,MA,2330,05/15/70,F,Divorced,US Citizen,No,Black or African American,11/7/2011,11/15/2020,hours,Voluntarily Terminated,Production       ,Elijiah Gray,16,Diversity Job Fair,"4,24",4,0,0,2,4,2,3,3,2,2,32,2,2,3,3,4
"Gill, Whitney  ",3,0,59370,1,3,Area Sales Manager,OH,43050,07/10/71,F,Widowed,US Citizen,No,Black or African American,7/7/2014,9/5/2019,attendance,Terminated for Cause,Sales,John Smith,17,CareerBuilder,"3,97",4,0,0,4,2,2,1,2,4,2,40,2,1,4,2,2
"Gilles, Alex",1,1,54933,1,19,Production Technician I,MA,2062,08/09/74,M ,Married,US Citizen,No,Black or African American,4/2/2012,6/25/2019,military,Voluntarily Terminated,Production       ,Webster Butler,39,Diversity Job Fair,"3,97",4,0,0,2,3,2,2,1,2,2,40,2,2,4,2,3
"Girifalco, Evelyn",3,0,57815,0,19,Production Technician I,MA,2451,05/08/80,F,Single,US Citizen,Yes,Two or more races,9/29/2014,,N/A-StillEmployed,Active,Production       ,Amy Dunn,11,Indeed,"3,9",4,0,0,3,3,2,4,3,3,4,40,2,4,4,2,2
"Givens, Myriam",4,0,61555,0,3,Area Sales Manager,IN,46204,09/22/89,F,Single,US Citizen,No,White,2/16/2015,,N/A-StillEmployed,Active,Sales,Lynn Daneault,21,Indeed,"4,5",5,0,0,3,3,5,4,5,5,3,32,3,4,4,3,4
"Goble, Taisha",3,0,114800,1,8,Database Administrator,MA,2127,10/23/71,F,Single,US Citizen,No,White,2/16/2015,3/15/2019,"no-call, no-show",Terminated for Cause,IT/IS,Simon Roup,4,Indeed,"4,6",4,4,1,7,2,3,2,4,2,3,40,3,2,2,3,4
"Goeth, Amon",4,0,74679,0,14,IT Support,MA,2135,11/24/89,M ,Married,US Citizen,Yes,White,3/30/2015,,N/A-StillEmployed,Active,IT/IS,Peter Monroe,7,LinkedIn,"4,3",5,7,1,7,2,3,4,3,3,3,40,2,4,5,3,3
"Gold, Shenice  ",3,0,53018,0,19,Production Technician I,MA,2451,06/18/92,F,Single,US Citizen,Yes,White,11/11/2013,,N/A-StillEmployed,Active,Production       ,Ketsia Liebig,19,Indeed,"4,3",5,0,0,6,3,3,3,4,2,3,40,4,2,3,4,3
"Gonzalez, Cayo",3,1,59892,0,19,Production Technician I,MA,2108,09/29/69,M ,Divorced,US Citizen,No,Black or African American,7/11/2011,,N/A-StillEmployed,Active,Production       ,Brannon Miller,12,Diversity Job Fair,"4,5",4,0,0,4,3,4,4,4,2,3,40,3,3,4,3,5
"Gonzalez, Juan",1,1,68898,1,20,Production Technician II,MA,2128,10/12/64,M ,Married,US Citizen,No,Black or African American,4/26/2010,5/30/2015,career change,Voluntarily Terminated,Production       ,Brannon Miller,12,Diversity Job Fair,3,3,0,0,4,4,2,3,2,4,2,40,1,1,3,3,2
"Gonzalez, Maria",3,0,61242,0,14,IT Support,MA,2472,04/16/81,F,Separated,US Citizen,Yes,White,1/5/2015,,N/A-StillEmployed,Active,IT/IS,Peter Monroe,7,Employee Referral,"4,61",4,5,1,7,3,4,3,4,4,4,40,3,3,2,3,3
"Good, Susan",3,0,66825,0,20,Production Technician II,MA,1886,05/25/86,F,Married,US Citizen,No,White,5/12/2014,,N/A-StillEmployed,Active,Production       ,David Stanley,14,LinkedIn,"4,6",3,0,0,4,2,4,4,4,4,2,40,2,3,4,4,4
"Gordon, David",4,0,48285,0,19,Production Technician I,MA,2169,05/21/79,M ,Married,US Citizen,No,White,7/2/2012,,N/A-StillEmployed,Active,Production       ,David Stanley,14,LinkedIn,5,3,0,0,7,4,3,2,3,2,3,40,3,2,4,3,4
"Gosciminski, Phylicia  ",3,0,66149,0,20,Production Technician II,MA,1824,12/08/83,F,Separated,US Citizen,No,American Indian or Alaska Native,9/30/2013,,N/A-StillEmployed,Active,Production       ,Kissy Sullivan,20,Google Search,"4,4",5,0,0,6,4,3,3,3,4,4,32,3,4,5,4,3
"Goyal, Roxana",3,0,49256,0,19,Production Technician I,MA,1864,10/09/74,F,Married,US Citizen,No,Asian,8/19/2013,,N/A-StillEmployed,Active,Production       ,Kissy Sullivan,20,LinkedIn,"4,1",5,0,0,3,2,2,4,1,2,4,40,3,3,5,4,3
"Gray, Elijiah  ",4,0,62957,0,18,Production Manager,MA,1752,07/11/81,M ,Divorced,US Citizen,No,White,6/2/2015,,N/A-StillEmployed,Active,Production       ,Janet King,2,Employee Referral,"4,63",3,0,1,4,4,3,3,3,1,3,40,3,2,3,3,3
"Gross, Paula",3,0,63813,1,19,Production Technician I,MA,2176,05/21/83,F,Divorced,US Citizen,No,White,2/21/2011,1/11/2018,more money,Voluntarily Terminated,Production       ,Kelley Spirea,18,CareerBuilder,5,5,0,0,4,1,4,4,3,4,2,40,2,3,3,3,3
"Gruber, Hans",4,0,99020,0,4,BI Developer,MA,2134,06/30/89,M ,Married,US Citizen,No,Black or African American,4/20/2017,,N/A-StillEmployed,Active,IT/IS,Brian Champaigne,13,Indeed,"4,2",5,5,0,6,2,4,2,4,3,3,40,4,2,5,3,3
"Guilianno, Mike",2,0,71707,1,3,Area Sales Manager,TN,37129,02/09/69,M ,Single,US Citizen,No,Two or more races,3/7/2012,10/31/2018,relocation out of area,Voluntarily Terminated,Sales,John Smith,17,LinkedIn,"4,5",5,0,0,2,4,3,3,2,4,1,40,2,4,3,3,4
"Handschiegl, Joanne",2,0,54828,0,19,Production Technician I,MA,2127,03/23/77,F,Married,US Citizen,No,White,11/28/2011,,N/A-StillEmployed,Active,Production       ,Michael Albert,22,Google Search,"4,2",4,0,0,2,3,3,1,4,3,3,32,3,2,3,3,3
"Hankard, Earnest",4,0,64246,0,20,Production Technician II,MA,2155,08/10/88,M ,Single,US Citizen,Yes,White,11/11/2013,,N/A-StillEmployed,Active,Production       ,Kelley Spirea,18,LinkedIn,5,3,0,0,7,2,3,2,2,5,3,40,3,2,2,4,3
"Harrington, Christie ",2,0,52177,1,19,Production Technician I,MA,2324,08/18/52,F,Single,US Citizen,No,White,1/9/2012,12/15/2019,retiring,Voluntarily Terminated,Production       ,Webster Butler,39,CareerBuilder,"4,64",4,0,0,1,3,2,1,1,3,3,40,2,4,4,3,3
"Harrison, Kara",3,0,62065,0,19,Production Technician I,MA,1886,05/02/74,F,Married,US Citizen,No,White,5/12/2014,,N/A-StillEmployed,Active,Production       ,Amy Dunn,11,CareerBuilder,"4,76",4,0,0,9,3,2,5,3,2,4,24,5,2,2,4,3
"Heitzman, Anthony",3,0,46998,0,19,Production Technician I,MA,2149,01/04/84,M ,Single,US Citizen,No,White,8/13/2012,,N/A-StillEmployed,Active,Production       ,Ketsia Liebig,19,Google Search,"4,17",4,0,0,3,2,4,4,3,3,3,40,3,4,4,4,2
"Hendrickson, Trina",2,0,68099,1,20,Production Technician II,MA,2021,08/27/72,F,Single,US Citizen,No,White,1/10/2011,6/18/2017,hours,Voluntarily Terminated,Production       ,Kelley Spirea,18,CareerBuilder,5,3,0,0,7,1,4,4,3,3,2,40,3,2,1,3,3
"Hitchcock, Alfred",3,0,70545,0,3,Area Sales Manager,NH,3062,09/14/88,M ,Married,US Citizen,No,American Indian or Alaska Native,8/18/2014,,N/A-StillEmployed,Active,Sales,John Smith,17,Indeed,"3,6",5,0,0,5,2,3,3,2,2,2,32,4,2,2,3,3
"Homberger, Adrienne  J",4,0,63478,1,20,Production Technician II,MA,2445,02/16/84,F,Married,Non-Citizen,No,White,8/15/2011,4/7/2016,relocation out of area,Voluntarily Terminated,Production       ,Michael Albert,30,Indeed,"3,03",5,0,0,2,2,2,3,4,3,3,40,2,2,3,2,2
"Horton, Jayne",3,0,97999,0,8,Database Administrator,MA,2493,02/21/84,F,Single,US Citizen,No,White,3/30/2015,,N/A-StillEmployed,Active,IT/IS,Simon Roup,4,Indeed,"4,48",5,6,1,7,4,4,3,4,4,3,40,3,4,3,4,4
"Houlihan, Debra",4,0,180000,0,11,Director of Sales,RI,2908,03/17/66,F,Married,US Citizen,No,White,5/5/2014,,N/A-StillEmployed,Active,Sales,Janet King,2,LinkedIn,"4,5",4,0,1,6,2,4,5,4,4,3,24,2,3,3,3,3
"Howard, Estelle",3,0,49920,1,2,Administrative Assistant,MA,2170,09/16/85,F,Married,US Citizen,No,Black or African American,2/16/2015,4/15/2019,"no-call, no-show",Terminated for Cause,Admin Offices,Brandon R. LeBlanc,1,Indeed,"3,24",3,4,1,4,5,3,1,2,1,1,40,1,1,3,2,2
"Hudson, Jane",3,0,55425,0,19,Production Technician I,MA,2176,06/10/86,F,Single,US Citizen,No,White,2/20/2012,,N/A-StillEmployed,Active,Production       ,Ketsia Liebig,19,LinkedIn,"4,8",4,0,0,7,2,2,3,3,3,4,24,3,3,5,2,4
"Hunts, Julissa",3,0,69340,0,20,Production Technician II,MA,2021,03/11/84,F,Single,US Citizen,No,White,6/6/2016,,N/A-StillEmployed,Active,Production       ,Elijiah Gray,16,LinkedIn,3,5,0,0,1,2,2,3,4,3,3,40,2,4,4,4,2
"Hutter, Rosalie",4,0,64995,0,20,Production Technician II,MA,2351,05/07/92,F,Separated,US Citizen,No,White,6/5/2015,,N/A-StillEmployed,Active,Production       ,Webster Butler,2,Indeed,"4,5",3,0,1,6,3,4,2,4,4,2,40,1,4,2,4,3
"Huynh, Ming",2,0,68182,1,20,Production Technician II,MA,1742,09/22/76,F,Divorced,US Citizen,No,White,2/21/2011,4/1/2017,unhappy,Voluntarily Terminated,Production       ,Amy Dunn,11,Google Search,"3,72",3,0,0,3,2,1,2,1,3,3,40,1,3,2,2,1
"Immediato, Walter",2,0,83082,1,18,Production Manager,MA,2128,11/15/76,M ,Married,US Citizen,No,Asian,2/21/2011,9/24/2016,unhappy,Voluntarily Terminated,Production       ,Janet King,2,Indeed,"2,34",2,0,1,6,4,1,1,1,1,1,40,2,1,1,2,1
"Ivey, Rose ",3,0,51908,0,19,Production Technician I,MA,1775,01/28/91,F,Single,US Citizen,No,White,8/19/2013,,N/A-StillEmployed,Active,Production       ,Brannon Miller,12,Indeed,"3,99",3,0,0,3,3,3,3,5,4,3,24,1,4,3,3,2
"Jackson, Maryellen",3,0,61242,0,19,Production Technician I,MA,2081,09/11/72,F,Single,US Citizen,No,Black or African American,11/5/2012,,N/A-StillEmployed,Active,Production       ,David Stanley,14,LinkedIn,"4,1",3,0,0,5,4,4,2,3,2,1,40,3,3,4,3,3
"Jacobi, Hannah  ",4,0,45069,0,19,Production Technician I,MA,1778,03/22/66,F,Divorced,US Citizen,No,White,9/30/2013,,N/A-StillEmployed,Active,Production       ,Kissy Sullivan,20,Employee Referral,"4,3",5,0,0,5,2,4,4,3,4,3,32,3,3,4,4,3
"Jeannite, Tayana",4,0,60724,0,20,Production Technician II,MA,1821,11/06/86,F,Divorced,US Citizen,No,American Indian or Alaska Native,7/5/2011,,N/A-StillEmployed,Active,Production       ,Ketsia Liebig,19,LinkedIn,"4,6",4,0,0,6,4,3,3,3,5,3,40,3,3,4,4,3
"Jhaveri, Sneha  ",2,0,60436,0,19,Production Technician I,MA,2109,04/13/64,F,Separated,US Citizen,No,White,1/6/2014,,N/A-StillEmployed,Active,Production       ,Kelley Spirea,18,LinkedIn,5,5,0,0,2,3,3,4,2,4,4,32,3,4,2,5,3
"Johnson, George",4,0,46837,1,19,Production Technician I,MA,2445,08/19/59,M ,Married,US Citizen,No,White,11/7/2011,4/29/2022,more money,Voluntarily Terminated,Production       ,Michael Albert,22,CareerBuilder,"4,7",4,0,0,1,3,3,3,4,2,3,32,1,4,2,3,2
"Johnson, Noelle ",4,0,105700,0,8,Database Administrator,MA,2301,11/07/86,F,Married,US Citizen,No,Asian,1/5/2015,,N/A-StillEmployed,Active,IT/IS,Simon Roup,4,Indeed,"3,75",3,5,1,3,3,4,3,5,3,2,40,1,3,2,3,2
"Johnston, Yen",4,0,63322,0,20,Production Technician II,MA,2128,09/08/69,F,Single,US Citizen,No,White,7/7/2014,,N/A-StillEmployed,Active,Production       ,Brannon Miller,12,LinkedIn,"4,3",3,0,0,4,4,3,2,3,4,2,32,2,3,4,3,2
"Jung, Judy  ",2,0,61154,1,19,Production Technician I,MA,2446,04/17/86,F,Married,US Citizen,No,Black or African American,1/10/2011,4/1/2020,unhappy,Voluntarily Terminated,Production       ,Elijiah Gray,16,CareerBuilder,4,4,0,0,3,4,3,3,4,3,3,36,3,2,3,3,3
"Kampew, Donysha",3,0,68999,1,21,Sales Manager,PA,19444,11/11/89,F,Single,US Citizen,No,White,11/7/2011,4/24/2018,maternity leave - did not return,Voluntarily Terminated,Sales,Debra Houlihan,15,Google Search,"4,5",5,0,0,2,2,3,4,3,5,2,40,1,3,4,3,4
"Keatts, Kramer ",2,0,50482,0,19,Production Technician I,MA,1887,01/19/76,M ,Single,US Citizen,No,White,9/30/2013,,N/A-StillEmployed,Active,Production       ,Michael Albert,22,Indeed,"3,07",4,0,0,4,3,2,3,2,3,3,40,3,2,5,3,2
"Khemmich, Bartholemew",3,0,65310,0,3,Area Sales Manager,CO,80820,11/27/79,M ,Single,US Citizen,No,White,8/19/2013,,N/A-StillEmployed,Active,Sales,Lynn Daneault,21,Indeed,"4,3",5,0,0,5,2,3,4,5,5,3,32,4,2,3,4,4
"King, Janet",4,0,250000,0,16,President & CEO,MA,1902,09/21/54,F,Married,US Citizen,Yes,White,7/2/2012,,N/A-StillEmployed,Active,Executive Office,Board of Directors,9,Indeed,"4,83",3,0,1,9,5,4,4,5,4,3,32,4,1,1,3,4
"Kinsella, Kathleen  ",3,0,54005,1,19,Production Technician I,MA,2170,12/08/73,F,Married,US Citizen,No,White,9/26/2011,6/4/2019,more money,Voluntarily Terminated,Production       ,Webster Butler,39,Google Search,"3,6",5,0,0,5,2,3,2,4,4,3,32,3,2,3,2,4
"Kirill, Alexandra  ",2,0,45433,1,19,Production Technician I,MA,2127,10/08/70,F,Married,US Citizen,No,White,9/26/2011,1/9/2018,more money,Voluntarily Terminated,Production       ,Amy Dunn,11,Google Search,"3,49",4,0,0,4,3,1,3,3,2,3,40,2,2,2,2,3
"Knapp, Bradley  J",2,0,46654,0,19,Production Technician I,MA,1721,11/10/77,M ,Single,US Citizen,No,Black or African American,2/17/2014,,N/A-StillEmployed,Active,Production       ,Ketsia Liebig,19,LinkedIn,"3,1",3,0,0,6,4,4,2,2,4,3,40,3,1,3,3,3
"Kretschmer, John",3,0,63973,0,19,Production Technician I,MA,1801,02/02/80,M ,Married,US Citizen,No,Asian,1/10/2011,,N/A-StillEmployed,Active,Production       ,Brannon Miller,12,Indeed,"3,38",3,0,0,5,4,4,3,3,2,2,40,1,4,3,3,3
"Kreuger, Freddy",1,1,71339,0,3,Area Sales Manager,NY,10171,02/24/69,M ,Single,US Citizen,Yes,Black or African American,3/7/2011,,N/A-StillEmployed,Active,Sales,John Smith,17,Diversity Job Fair,"3,65",5,0,0,3,4,2,2,2,4,4,40,3,4,3,4,2
"Lajiri,  Jyoti",4,0,93206,0,28,Sr. Network Engineer,MA,2169,04/23/86,M ,Married,US Citizen,No,White,11/10/2014,,N/A-StillEmployed,Active,IT/IS,Peter Monroe,7,Employee Referral,"4,46",5,6,1,6,2,5,3,4,5,2,40,4,3,3,3,3
"Landa, Hans",3,0,82758,1,18,Production Manager,MA,1890,07/01/72,M ,Married,US Citizen,No,White,1/10/2011,12/12/2019,attendance,Terminated for Cause,Production       ,Janet King,2,Employee Referral,"4,78",4,0,1,3,4,3,2,4,3,4,40,1,3,4,3,3
"Langford, Lindsey",3,0,66074,1,20,Production Technician II,MA,2090,07/25/79,F,Divorced,US Citizen,No,Asian,1/7/2013,3/31/2018,Another position,Voluntarily Terminated,Production       ,David Stanley,14,Indeed,"4,52",3,0,0,5,2,3,2,2,3,2,32,1,2,1,4,3
"Langton, Enrico",3,0,46120,0,19,Production Technician I,MA,2048,12/09/86,M ,Married,US Citizen,No,White,7/9/2012,,N/A-StillEmployed,Active,Production       ,David Stanley,14,LinkedIn,5,5,0,0,6,3,3,3,2,5,2,40,5,2,3,5,3
"LaRotonda, William  ",4,0,64520,0,1,Accountant I,MA,1460,04/26/84,M ,Divorced,US Citizen,No,Black or African American,1/6/2014,,N/A-StillEmployed,Active,Admin Offices,Brandon R. LeBlanc,1,Website,5,4,4,1,4,4,3,3,4,3,4,40,3,3,2,4,3
"Latif, Mohammed",4,0,61962,1,20,Production Technician II,MA,2126,05/09/84,M ,Married,US Citizen,No,White,4/2/2012,4/15/2017,more money,Voluntarily Terminated,Production       ,Kissy Sullivan,20,Google Search,"4,9",3,0,0,6,3,3,1,3,3,2,40,1,2,1,4,3
"Le, Binh",2,0,81584,0,22,Senior BI Developer,MA,1886,06/14/87,F,Single,US Citizen,No,Asian,10/2/2016,,N/A-StillEmployed,Active,IT/IS,Brian Champaigne,13,Indeed,"4,1",5,7,0,2,3,3,3,4,3,4,40,4,3,3,3,4
"Leach, Dallas",3,0,63676,1,19,Production Technician I,MA,1810,01/17/79,F,Single,US Citizen,No,Asian,9/26/2011,8/19/2019,return to school,Voluntarily Terminated,Production       ,Kissy Sullivan,20,CareerBuilder,"4,88",3,0,0,5,3,4,3,4,5,2,40,1,3,2,3,3
"LeBlanc, Brandon  R",3,0,93046,0,23,Shared Services Manager,MA,1460,06/10/84,M ,Married,US Citizen,No,White,1/5/2016,,N/A-StillEmployed,Active,Admin Offices,Janet King,2,CareerBuilder,"4,1",4,0,1,3,2,1,4,3,1,3,40,3,3,2,3,2
"Lecter, Hannibal",3,0,64738,0,19,Production Technician I,MA,1776,09/02/82,M ,Married,US Citizen,No,Asian,5/14/2012,,N/A-StillEmployed,Active,Production       ,Elijiah Gray,16,Google Search,"4,1",3,0,0,6,3,4,3,3,4,2,40,2,3,3,2,3
"Leruth, Giovanni",3,0,70468,0,3,Area Sales Manager,UT,84111,12/27/88,M ,Separated,US Citizen,No,Black or African American,4/30/2012,,N/A-StillEmployed,Active,Sales,John Smith,17,Website,"4,53",3,0,0,5,3,4,3,3,3,3,40,2,4,3,3,3
"Liebig, Ketsia",3,0,77915,0,18,Production Manager,MA,2110,10/26/81,F,Married,US Citizen,No,White,9/30/2013,,N/A-StillEmployed,Active,Production       ,Janet King,2,Website,"4,1",3,0,1,4,2,4,3,5,4,3,32,1,3,2,2,3
"Linares, Marilyn ",3,0,52624,1,19,Production Technician I,MA,1886,03/26/81,F,Married,US Citizen,No,White,7/5/2011,9/26/2022,unhappy,Voluntarily Terminated,Production       ,Michael Albert,22,Indeed,"3,18",4,0,0,6,4,4,2,4,3,1,40,2,1,3,2,3
"Linden, Mathew",3,0,63450,0,20,Production Technician II,MA,1770,03/19/79,M ,Married,US Citizen,No,White,7/8/2013,,N/A-StillEmployed,Active,Production       ,Kelley Spirea,18,LinkedIn,4,3,0,0,5,3,1,4,3,1,3,40,3,2,4,4,2
"Lindsay, Leonara ",3,1,51777,0,14,IT Support,CT,6070,10/05/88,F,Single,US Citizen,Yes,Black or African American,1/21/2011,,N/A-StillEmployed,Active,IT/IS,Eric Dougall,6,Diversity Job Fair,"4,64",4,5,1,5,3,3,2,2,5,3,40,3,3,5,3,4
"Lundy, Susan",3,0,67237,1,20,Production Technician II,MA,2122,12/26/76,F,Widowed,US Citizen,No,White,7/8/2013,9/15/2020,more money,Voluntarily Terminated,Production       ,Michael Albert,22,LinkedIn,"4,65",4,0,0,5,4,3,4,3,2,2,32,2,1,2,3,4
"Lunquist, Lisa",4,0,73330,0,20,Production Technician II,MA,2324,03/28/82,F,Single,US Citizen,No,Black or African American,8/19/2013,,N/A-StillEmployed,Active,Production       ,Elijiah Gray,16,Indeed,"4,2",4,0,0,4,2,4,4,3,4,3,32,2,3,4,4,3
"Lydon, Allison",3,0,52057,0,19,Production Technician I,MA,2122,10/22/75,F,Married,US Citizen,No,Black or African American,2/16/2015,,N/A-StillEmployed,Active,Production       ,Elijiah Gray,16,Website,5,3,0,0,9,4,4,3,4,3,3,24,4,2,3,3,3
"Lynch, Lindsay",1,1,47434,1,19,Production Technician I,MA,1844,02/14/73,F,Single,US Citizen,Yes,Black or African American,11/7/2011,11/14/2019,Another position,Voluntarily Terminated,Production       ,Webster Butler,39,Diversity Job Fair,5,4,0,0,5,2,3,3,1,3,2,40,2,4,4,2,4
"MacLennan, Samuel",3,0,52788,1,19,Production Technician I,MA,1938,11/09/72,M ,Widowed,US Citizen,No,White,9/24/2012,9/26/2021,hours,Voluntarily Terminated,Production       ,Amy Dunn,11,Indeed,"3,08",4,0,0,3,3,1,2,2,2,2,40,1,2,1,2,1
"Mahoney, Lauren  ",3,0,45395,0,19,Production Technician I,MA,2189,07/07/86,F,Single,US Citizen,No,White,1/6/2014,,N/A-StillEmployed,Active,Production       ,Ketsia Liebig,19,LinkedIn,"4,6",4,0,0,7,3,2,3,3,5,3,40,5,1,2,4,3
"Manchester, Robyn",4,0,62385,0,20,Production Technician II,MA,2324,08/25/76,F,Married,US Citizen,No,White,5/11/2016,,N/A-StillEmployed,Active,Production       ,Webster Butler,2,LinkedIn,5,3,0,1,5,4,3,3,4,4,3,32,1,2,2,3,4
"Mancuso, Karen",4,0,68407,1,20,Production Technician II,MA,2176,12/10/86,F,Married,US Citizen,No,Two or more races,7/5/2011,8/19/2016,Another position,Voluntarily Terminated,Production       ,Amy Dunn,11,LinkedIn,5,4,0,0,8,4,3,1,4,2,3,40,3,2,3,3,2
"Mangal, Debbie",4,0,61349,0,19,Production Technician I,MA,2451,11/07/74,F,Married,US Citizen,No,White,11/11/2013,,N/A-StillEmployed,Active,Production       ,Brannon Miller,12,LinkedIn,"4,1",3,0,0,3,2,4,2,5,3,3,36,1,3,4,4,3
"Martin, Sandra",2,0,105688,0,24,Software Engineer,MA,2135,11/07/87,F,Single,US Citizen,No,Asian,11/11/2013,,N/A-StillEmployed,Active,Software Engineering,Alex Sweetwater,10,Google Search,"4,5",5,4,0,8,4,4,3,3,3,3,40,4,2,2,3,4
"Maurice, Shana",4,0,54132,0,19,Production Technician I,MA,2330,11/22/77,F,Married,US Citizen,No,White,5/31/2011,,N/A-StillEmployed,Active,Production       ,David Stanley,14,Indeed,5,4,0,0,5,2,3,3,4,3,4,36,3,4,5,4,4
"Carthy, B'rigit",4,0,55315,0,20,Production Technician II,MA,2149,05/21/87,F,Single,US Citizen,No,Black or African American,3/30/2015,,N/A-StillEmployed,Active,Production       ,Ketsia Liebig,19,LinkedIn,5,5,0,0,3,5,4,3,3,5,5,32,2,4,5,5,4
"Mckenna, Sandy",3,0,62810,0,19,Production Technician I,MA,2184,01/07/87,F,Married,US Citizen,No,Black or African American,1/7/2013,,N/A-StillEmployed,Active,Production       ,Kissy Sullivan,20,CareerBuilder,"3,93",3,0,0,4,4,2,3,3,2,2,32,2,2,2,2,3
"McKinzie, Jac",4,0,63291,0,3,Area Sales Manager,TX,78789,07/01/84,M ,Married,US Citizen,No,Two or more races,7/6/2016,,N/A-StillEmployed,Active,Sales,Lynn Daneault,21,Website,"3,4",4,0,0,4,3,3,4,3,3,3,40,2,4,5,4,2
"Meads, Elizabeth",3,1,62659,1,19,Production Technician I,MA,1760,05/30/68,F,Single,US Citizen,No,Black or African American,4/2/2012,11/11/2020,Another position,Voluntarily Terminated,Production       ,Kelley Spirea,18,Diversity Job Fair,"4,18",4,0,0,3,3,3,3,3,1,2,32,1,3,3,3,4
"Medeiros, Jennifer",4,0,55688,0,19,Production Technician I,MA,2346,09/22/76,F,Single,US Citizen,No,White,3/30/2015,,N/A-StillEmployed,Active,Production       ,Michael Albert,22,CareerBuilder,5,4,0,0,7,1,3,2,4,4,3,40,4,2,2,3,3
"Miller, Brannon",4,0,83667,0,18,Production Manager,MA,2045,08/10/81,M ,Single,US Citizen,yes,Hispanic,8/16/2012,,N/A-StillEmployed,Active,Production       ,Janet King,2,Indeed,"4,37",3,0,1,5,2,2,3,3,3,2,40,2,4,3,3,4
"Miller, Ned",2,0,55800,1,20,Production Technician II,MA,2472,06/29/85,M ,Single,US Citizen,No,White,8/15/2011,9/4/2018,unhappy,Voluntarily Terminated,Production       ,Brannon Miller,12,LinkedIn,3,2,0,0,7,3,3,1,1,2,1,40,1,1,1,2,3
"Monkfish, Erasumus",3,0,58207,0,20,Production Technician II,MA,1450,08/17/92,M ,Married,US Citizen,No,White,11/7/2011,,N/A-StillEmployed,Active,Production       ,David Stanley,14,LinkedIn,"3,7",3,0,0,4,4,3,2,2,4,2,40,1,3,3,4,4
"Monroe, Peter",2,1,157000,0,13,IT Manager - Infra,MA,2134,10/05/86,M ,Married,Eligible NonCitizen,Yes,Black or African American,2/15/2012,,N/A-StillEmployed,Active,IT/IS,Jennifer Zamora,5,Diversity Job Fair,"2,39",3,6,1,2,3,4,3,3,2,2,40,1,3,2,3,1
"Monterro, Luisa",4,0,72460,0,20,Production Technician II,MA,2126,04/24/70,F,Single,US Citizen,No,Black or African American,5/13/2013,,N/A-StillEmployed,Active,Production       ,Kissy Sullivan,20,Indeed,"4,7",3,0,0,5,3,4,2,4,5,3,24,2,2,2,4,4
"Moran, Patrick",1,1,72106,0,20,Production Technician II,MA,2127,12/03/76,M ,Single,US Citizen,No,Black or African American,1/9/2012,,N/A-StillEmployed,Active,Production       ,Kelley Spirea,18,Diversity Job Fair,"4,1",4,0,0,5,4,2,4,1,4,3,40,3,3,3,4,2
"Morway, Tanya",3,0,52599,0,15,Network Engineer,MA,2048,04/04/79,F,Married,US Citizen,No,White,2/16/2015,,N/A-StillEmployed,Active,IT/IS,Peter Monroe,7,CareerBuilder,"3,81",3,6,1,5,2,4,3,2,2,2,40,1,2,3,4,3
"Motlagh,  Dawn",4,0,63430,0,19,Production Technician I,MA,2453,07/07/84,F,Divorced,US Citizen,No,White,4/1/2013,,N/A-StillEmployed,Active,Production       ,Elijiah Gray,16,LinkedIn,"4,4",4,0,0,1,4,3,3,4,1,4,36,2,4,4,4,3
"Moumanil, Maliki ",3,0,74417,0,20,Production Technician II,MA,1460,12/01/74,M ,Separated,US Citizen,No,Black or African American,5/13/2013,,N/A-StillEmployed,Active,Production       ,Michael Albert,22,LinkedIn,"4,29",5,0,0,6,4,3,4,3,4,4,40,4,2,4,5,4
"Myers, Michael",3,0,57575,0,19,Production Technician I,MA,1550,04/18/80,M ,Single,US Citizen,No,Asian,7/8/2013,,N/A-StillEmployed,Active,Production       ,Kissy Sullivan,20,LinkedIn,"4,1",4,0,0,3,3,4,5,3,4,3,40,2,4,4,3,3
"Navathe, Kurt",5,0,87921,0,22,Senior BI Developer,MA,2056,04/25/70,M ,Single,US Citizen,No,Asian,2/10/2017,,N/A-StillEmployed,Active,IT/IS,Brian Champaigne,13,Indeed,5,3,6,0,7,4,3,4,4,2,2,40,3,1,2,3,3
"Ndzi, Colombui",2,1,50470,1,19,Production Technician I,MA,2110,05/02/89,M ,Single,US Citizen,No,Black or African American,9/26/2011,4/4/2018,return to school,Voluntarily Terminated,Production       ,Webster Butler,39,Diversity Job Fair,"4,3",3,0,0,2,2,3,3,2,3,1,40,1,2,3,2,2
"Ndzi, Horia",2,0,46664,1,19,Production Technician I,MA,2421,03/28/83,M ,Married,US Citizen,No,White,4/1/2013,5/25/2020,more money,Voluntarily Terminated,Production       ,Amy Dunn,11,Employee Referral,"3,18",3,0,0,3,3,3,1,3,1,1,40,1,2,2,3,2
"Newman, Richard ",3,0,48495,0,19,Production Technician I,MA,2136,04/08/77,M ,Married,US Citizen,No,White,5/12/2014,,N/A-StillEmployed,Active,Production       ,Ketsia Liebig,19,LinkedIn,5,5,0,0,5,4,5,5,5,5,4,40,3,3,4,3,4
"Ngodup, Shari ",2,1,52984,0,19,Production Technician I,MA,1810,06/03/67,F,Separated,US Citizen,No,Black or African American,4/1/2013,,N/A-StillEmployed,Active,Production       ,Brannon Miller,12,Diversity Job Fair,4,3,0,0,5,3,3,4,2,4,3,24,1,4,3,4,3
"Nguyen, Dheepa",5,0,63695,0,3,Area Sales Manager,GA,30428,03/31/89,F,Single,US Citizen,No,Two or more races,7/8/2013,,N/A-StillEmployed,Active,Sales,Lynn Daneault,21,Indeed,5,5,0,0,7,1,4,5,5,4,3,24,3,4,3,3,4
"Nguyen, Lei-Ming",4,0,62061,0,19,Production Technician I,MA,2132,07/07/84,F,Single,US Citizen,No,White,7/8/2013,,N/A-StillEmployed,Active,Production       ,David Stanley,14,LinkedIn,"3,6",5,0,0,3,4,4,5,5,1,2,40,3,3,2,3,2
"Nowlan, Kristie",3,0,66738,0,20,Production Technician II,MA,1040,11/23/85,F,Single,US Citizen,No,White,11/10/2014,,N/A-StillEmployed,Active,Production       ,Elijiah Gray,16,Indeed,"4,53",5,0,0,4,3,4,3,3,5,3,36,4,4,5,4,4
"O'hare, Lynn",1,0,52674,1,19,Production Technician I,MA,2152,09/30/80,F,Single,US Citizen,No,Two or more races,3/31/2014,5/1/2022,performance,Terminated for Cause,Production       ,Kissy Sullivan,20,LinkedIn,"2,33",2,0,0,3,4,2,2,2,2,2,32,1,1,1,1,2
"Oliver, Brooke ",3,0,71966,1,20,Production Technician II,MA,2492,02/11/52,F,Married,US Citizen,No,Asian,5/14/2012,8/19/2017,unhappy,Voluntarily Terminated,Production       ,Webster Butler,39,LinkedIn,5,3,0,0,4,2,1,3,2,3,3,32,1,3,1,2,3
"Onque, Jasmine",3,0,63051,0,3,Area Sales Manager,FL,33174,05/11/90,F,Single,US Citizen,Yes,White,9/30/2013,,N/A-StillEmployed,Active,Sales,Lynn Daneault,21,Indeed,"4,28",3,0,0,6,3,4,5,4,4,3,24,3,2,3,4,4
"Osturnka, Adeel",4,0,47414,0,19,Production Technician I,MA,2478,12/11/76,M ,Married,US Citizen,No,White,9/30/2013,,N/A-StillEmployed,Active,Production       ,Kelley Spirea,18,LinkedIn,5,3,0,0,5,3,4,3,4,3,2,32,2,3,2,4,3
"Owad, Clinton",3,0,53060,0,19,Production Technician I,MA,1760,11/24/79,M ,Single,US Citizen,No,Black or African American,2/17/2014,,N/A-StillEmployed,Active,Production       ,Michael Albert,22,LinkedIn,"4,25",3,0,0,6,3,4,4,3,3,3,40,3,2,2,3,3
"Ozark, Travis",4,0,68829,0,3,Area Sales Manager,NC,27229,05/19/82,M ,Single,US Citizen,No,White,1/5/2015,,N/A-StillEmployed,Active,Sales,John Smith,17,Website,5,5,0,0,3,4,3,4,3,3,3,24,3,4,4,5,3
"Panjwani, Nina",3,0,63515,1,19,Production Technician I,MA,2351,05/01/79,F,Married,US Citizen,No,White,2/7/2011,1/12/2018,Another position,Voluntarily Terminated,Production       ,Elijiah Gray,16,Google Search,"3,89",4,0,0,5,4,4,2,3,4,2,32,2,2,3,3,2
"Patronick, Lucas",2,1,108987,1,24,Software Engineer,MA,1844,02/20/79,M ,Single,US Citizen,No,Black or African American,11/7/2011,9/7/2019,Another position,Voluntarily Terminated,Software Engineering,Alex Sweetwater,10,Diversity Job Fair,5,5,3,0,4,4,2,5,3,3,3,40,3,4,4,3,3
"Pearson, Randall",4,0,93093,1,9,Data Analyst,MA,2747,09/05/84,M ,Married,US Citizen,No,White,12/1/2014,5/1/2020,performance,Voluntarily Terminated,IT/IS,Simon Roup,4,Employee Referral,"4,7",4,5,1,1,3,3,2,4,3,2,40,3,1,1,3,2
"Smith, Martin",2,0,53564,1,19,Production Technician I,MA,2458,03/17/88,M ,Single,US Citizen,No,Black or African American,1/10/2011,12/28/2021,career change,Voluntarily Terminated,Production       ,Webster Butler,39,Google Search,"3,54",5,0,0,4,3,2,1,3,3,4,32,3,2,4,2,3
"Pelletier, Ermine",3,0,60270,1,20,Production Technician II,MA,2472,07/18/89,F,Married,US Citizen,No,Asian,7/5/2011,9/15/2019,unhappy,Voluntarily Terminated,Production       ,Amy Dunn,11,CareerBuilder,"2,4",5,0,0,1,2,3,3,4,2,4,32,1,2,3,3,2
"Perry, Shakira",3,0,45998,1,19,Production Technician I,MA,2176,07/20/86,F,Single,US Citizen,No,White,5/16/2011,10/25/2019,medical issues,Voluntarily Terminated,Production       ,Amy Dunn,11,LinkedIn,"3,45",4,0,0,5,4,3,1,2,4,1,24,1,2,4,3,2
"Peters, Lauren",2,0,57954,1,20,Production Technician II,MA,1886,08/17/86,F,Married,US Citizen,No,White,5/16/2011,2/4/2017,more money,Voluntarily Terminated,Production       ,Ketsia Liebig,19,Indeed,"4,2",5,0,0,6,4,1,4,3,3,4,32,5,1,4,3,2
"Peterson, Ebonee  ",3,0,74669,1,18,Production Manager,MA,2030,05/09/77,F,Married,US Citizen,No,White,10/25/2010,5/18/2020,Another position,Voluntarily Terminated,Production       ,Janet King,2,Indeed,"4,16",5,0,1,1,3,3,3,3,3,3,32,2,3,3,2,2
"Petingill, Shana  ",3,0,74226,0,20,Production Technician II,MA,2050,03/10/79,F,Married,Eligible NonCitizen,No,Asian,4/2/2012,,N/A-StillEmployed,Active,Production       ,Brannon Miller,12,LinkedIn,"4,3",3,0,0,8,3,3,3,4,2,2,40,3,2,3,3,2
"Petrowsky, Thelma",2,0,93554,0,9,Data Analyst,MA,1886,09/16/84,F,Married,US Citizen,No,Black or African American,11/10/2014,,N/A-StillEmployed,Active,IT/IS,Simon Roup,4,Employee Referral,"4,6",5,7,1,6,3,3,4,3,3,3,40,4,3,4,4,3
"Pham, Hong",2,0,64724,1,19,Production Technician I,MA,2451,03/06/88,M ,Married,US Citizen,No,Asian,7/5/2011,11/30/2016,more money,Voluntarily Terminated,Production       ,Brannon Miller,12,Google Search,5,3,0,0,5,4,2,4,2,3,2,40,2,2,1,3,3
"Pitt, Brad ",3,0,47001,0,19,Production Technician I,MA,2451,11/23/81,M ,Single,US Citizen,No,White,11/5/2007,,N/A-StillEmployed,Active,Production       ,David Stanley,14,Google Search,"3,66",3,0,0,5,3,4,1,3,3,1,40,3,2,2,3,2
"Potts, Xana",3,0,61844,0,3,Area Sales Manager,KY,40220,08/29/88,F,Married,US Citizen,No,Black or African American,1/9/2012,,N/A-StillEmployed,Active,Sales,Lynn Daneault,21,Website,"4,2",5,0,0,7,3,2,4,3,3,3,32,5,1,5,3,2
"Power, Morissa",2,0,46799,1,19,Production Technician I,MA,1742,10/15/84,F,Divorced,Eligible NonCitizen,No,Asian,5/16/2011,6/4/2022,Another position,Voluntarily Terminated,Production       ,Kissy Sullivan,20,Google Search,"3,17",4,0,0,1,2,2,1,3,2,2,32,2,1,3,2,3
"Punjabhi, Louis  ",4,0,59472,0,19,Production Technician I,MA,2109,06/19/61,M ,Single,US Citizen,No,White,1/6/2014,,N/A-StillEmployed,Active,Production       ,Kelley Spirea,18,Employee Referral,"4,8",3,0,0,7,3,3,4,4,3,3,40,2,3,2,4,3
"Purinton, Janine",3,0,46430,1,19,Production Technician I,MA,2474,09/22/70,F,Divorced,US Citizen,No,White,9/24/2012,6/18/2017,unhappy,Voluntarily Terminated,Production       ,Kissy Sullivan,20,Indeed,"4,5",5,0,0,3,5,1,3,1,1,3,40,3,3,3,2,2
"Quinn, Sean",2,1,83363,1,23,Software Engineer,MA,2045,11/06/84,M ,Married,Eligible NonCitizen,No,Black or African American,2/21/2011,8/15/2019,career change,Voluntarily Terminated,Software Engineering,Janet King,2,Diversity Job Fair,"4,15",4,0,1,3,4,2,2,1,4,3,40,3,2,3,2,2
"Rachael, Maggie",4,0,95920,0,4,BI Developer,MA,2110,05/12/80,F,Married,US Citizen,No,Black or African American,10/2/2016,,N/A-StillEmployed,Active,IT/IS,Brian Champaigne,13,Indeed,"4,4",4,6,0,6,2,2,4,3,3,3,40,4,2,4,4,3
"Rarrick, Quinn",2,0,61729,1,19,Production Technician I,MA,2478,12/31/84,M ,Divorced,US Citizen,No,White,9/26/2011,4/7/2022,more money,Voluntarily Terminated,Production       ,Michael Albert,22,Indeed,"3,8",5,0,0,4,4,3,3,1,3,2,40,3,2,3,3,2
"Ren, Kylo",2,0,61809,0,3,Area Sales Manager,ID,83706,10/12/54,M ,Married,US Citizen,No,White,5/12/2014,,N/A-StillEmployed,Active,Sales,John Smith,17,CareerBuilder,"3,98",3,0,0,8,4,3,4,3,3,3,32,3,2,3,3,2
"Rhoads, Thomas",3,0,45115,1,19,Production Technician I,MA,2176,07/22/82,M ,Divorced,US Citizen,Yes,White,5/16/2011,1/15/2020,retiring,Voluntarily Terminated,Production       ,Elijiah Gray,16,LinkedIn,5,4,0,0,7,1,2,2,2,3,3,40,3,3,4,2,4
"Rivera, Haley  ",4,0,46738,0,19,Production Technician I,MA,2171,01/12/73,F,Married,US Citizen,No,Asian,11/28/2011,,N/A-StillEmployed,Active,Production       ,Webster Butler,2,Google Search,"4,36",5,0,1,5,3,2,5,4,3,4,40,4,3,3,4,3
"Roberson, May",4,0,64971,1,20,Production Technician II,MA,1902,09/05/81,F,Divorced,Eligible NonCitizen,No,Black or African American,9/26/2011,10/22/2015,return to school,Voluntarily Terminated,Production       ,David Stanley,14,Google Search,"4,5",4,0,0,5,3,5,2,3,4,2,40,2,2,4,3,4
"Robertson, Peter",3,0,55578,1,20,Production Technician II,MA,2138,07/03/72,M ,Married,US Citizen,No,White,7/5/2011,2/8/2016,Another position,Voluntarily Terminated,Production       ,Kissy Sullivan,20,Indeed,"4,2",5,0,0,2,1,2,2,3,2,3,40,3,1,3,2,2
"Robinson, Alain  ",3,0,50428,1,19,Production Technician I,MA,1420,01/07/74,M ,Married,US Citizen,No,Black or African American,1/10/2011,1/26/2020,attendance,Voluntarily Terminated,Production       ,Amy Dunn,11,Indeed,5,3,0,0,6,5,4,3,4,4,2,40,2,2,2,3,4
"Robinson, Cherly",2,0,61422,1,19,Production Technician I,MA,1460,01/07/85,F,Married,US Citizen,No,White,1/10/2011,5/17/2020,attendance,Terminated for Cause,Production       ,Ketsia Liebig,19,Indeed,"3,6",3,0,0,7,4,2,2,3,3,1,32,2,2,1,2,3
"Robinson, Elias",3,0,63353,0,19,Production Technician I,MA,1730,01/28/85,M ,Widowed,US Citizen,No,White,7/8/2013,,N/A-StillEmployed,Active,Production       ,Brannon Miller,12,Employee Referral,"3,6",5,0,0,3,3,4,4,5,3,3,32,4,2,2,5,3
"Roby, Lori ",3,0,89883,0,9,Data Analyst,MA,1886,10/11/81,F,Married,US Citizen,No,White,2/16/2015,,N/A-StillEmployed,Active,IT/IS,Simon Roup,4,Employee Referral,"3,69",5,6,1,3,2,3,3,3,4,4,40,4,1,4,5,3
"Roehrich, Bianca",3,0,120000,1,29,Principal Data Architect,MA,2703,05/27/73,F,Single,US Citizen,Yes,White,1/5/2015,11/10/2022,Another position,Voluntarily Terminated,IT/IS,Simon Roup,4,LinkedIn,"3,88",3,7,1,3,2,3,3,4,2,1,40,1,1,1,2,3
"Roper, Katie",4,0,150290,0,7,Data Architect,MA,2056,11/21/72,F,Single,US Citizen,No,Black or African American,1/7/2017,,N/A-StillEmployed,Active,IT/IS,Brian Champaigne,13,Indeed,"4,94",3,5,0,8,2,2,3,3,2,3,40,2,2,2,3,4
"Rose, Ashley  ",3,0,60627,0,19,Production Technician I,MA,1886,12/05/74,F,Separated,US Citizen,No,White,1/6/2014,,N/A-StillEmployed,Active,Production       ,David Stanley,14,Website,5,4,0,0,8,3,4,3,5,5,4,36,3,4,3,4,4
"Rossetti, Bruno",3,0,53180,1,19,Production Technician I,MA,2155,03/18/87,M ,Single,US Citizen,No,White,4/4/2011,8/13/2022,Another position,Voluntarily Terminated,Production       ,Kissy Sullivan,20,Google Search,5,5,0,0,5,3,3,3,3,4,3,24,3,2,3,4,3
"Roup,Simon",4,0,140920,0,13,IT Manager - DB,MA,2481,04/05/73,M ,Single,US Citizen,No,White,1/20/2013,,N/A-StillEmployed,Active,IT/IS,Jennifer Zamora,5,Indeed,"3,6",5,7,1,4,4,5,2,4,4,2,40,2,3,4,3,2
"Ruiz, Ricardo",1,1,148999,1,13,IT Manager - DB,MA,1915,01/04/64,M ,Divorced,US Citizen,No,Black or African American,1/9/2012,11/4/2019,hours,Voluntarily Terminated,IT/IS,Jennifer Zamora,5,Diversity Job Fair,"4,3",4,6,1,4,2,2,1,2,2,4,40,2,2,2,3,4
"Saada, Adell",4,0,86214,0,24,Software Engineer,MA,2132,07/24/86,F,Married,US Citizen,No,White,11/5/2012,,N/A-StillEmployed,Active,Software Engineering,Alex Sweetwater,10,Indeed,"4,2",3,6,0,3,4,1,4,3,4,2,40,2,2,4,4,3
"Saar-Beckles, Melinda",1,1,47750,0,19,Production Technician I,MA,1801,06/06/68,F,Single,US Citizen,No,Black or African American,7/4/2016,,N/A-StillEmployed,Active,Production       ,Kelley Spirea,18,Diversity Job Fair,"2,6",4,0,0,4,3,2,4,2,2,2,40,2,3,4,2,1
"Sadki, Nore  ",4,0,46428,1,19,Production Technician I,MA,2148,12/21/74,M ,Single,US Citizen,No,White,1/5/2009,7/30/2022,relocation out of area,Voluntarily Terminated,Production       ,Michael Albert,22,Google Search,"4,6",5,0,0,3,1,2,4,2,4,3,24,2,3,4,2,3
"Sahoo, Adil",3,0,57975,0,20,Production Technician II,MA,2062,04/26/86,M ,Married,US Citizen,No,White,8/30/2010,,N/A-StillEmployed,Active,Production       ,Kelley Spirea,18,CareerBuilder,"4,1",3,0,0,1,4,5,4,5,1,3,40,2,3,2,4,4
"Salter, Jason",3,0,88527,1,9,Data Analyst ,MA,2452,12/17/87,M ,Divorced,US Citizen,No,Black or African American,1/5/2015,10/31/2019,hours,Voluntarily Terminated,IT/IS,Simon Roup,4,LinkedIn,"4,2",3,5,1,6,2,3,2,2,3,3,40,2,2,2,3,3
"Sander, Kamrin",3,0,56147,0,19,Production Technician I,MA,2154,07/10/88,F,Married,US Citizen,No,Black or African American,9/29/2014,,N/A-StillEmployed,Active,Production       ,Elijiah Gray,16,LinkedIn,"3,51",3,0,0,6,4,2,2,1,2,2,32,2,3,4,2,2
"Sewkumar, Nori",4,0,50923,0,19,Production Technician I,MA,2191,03/10/75,F,Single,US Citizen,No,Asian,9/30/2013,,N/A-StillEmployed,Active,Production       ,Webster Butler,2,Google Search,5,5,0,1,6,3,4,4,3,5,3,36,4,2,4,5,5
"Shepard, Anita ",3,0,50750,0,15,Network Engineer,MA,1773,04/14/81,F,Married,US Citizen,No,White,9/30/2014,,N/A-StillEmployed,Active,IT/IS,Peter Monroe,7,LinkedIn,"3,31",3,6,1,6,4,3,3,3,2,3,40,2,4,4,2,2
"Shields, Seffi",4,0,52087,0,19,Production Technician I,MA,2149,08/24/85,F,Married,US Citizen,No,White,8/19/2013,,N/A-StillEmployed,Active,Production       ,Amy Dunn,11,LinkedIn,"4,81",4,0,0,3,4,4,4,5,3,4,40,3,3,4,3,5
"Simard, Kramer",4,0,87826,0,9,Data Analyst,MA,2110,02/08/70,M ,Married,US Citizen,Yes,White,1/5/2015,,N/A-StillEmployed,Active,IT/IS,Simon Roup,4,Employee Referral,"3,32",3,7,1,7,2,2,3,2,3,3,40,2,2,2,2,2
"Singh, Nan ",3,0,51920,0,2,Administrative Assistant,MA,2330,05/19/88,F,Single,US Citizen,No,White,5/1/2015,,N/A-StillEmployed,Active,Admin Offices,Brandon R. LeBlanc,1,Website,5,3,5,1,7,4,3,4,4,5,4,40,3,2,2,5,3
"Sloan, Constance",4,0,63878,1,20,Production Technician II,MA,1851,11/25/87,F,Single,US Citizen,No,White,10/26/2009,4/8/2019,maternity leave - did not return,Voluntarily Terminated,Production       ,Michael Albert,22,CareerBuilder,"4,68",4,0,0,4,3,3,3,3,2,2,40,2,2,1,3,2
"Smith, Joe",3,0,60656,0,20,Production Technician II,MA,2045,10/30/63,M ,Single,US Citizen,No,White,9/29/2014,,N/A-StillEmployed,Active,Production       ,Elijiah Gray,16,Indeed,"4,3",3,0,0,8,3,2,2,1,3,2,40,3,2,4,5,4
"Smith, John",2,1,72992,0,21,Sales Manager,MA,1886,08/16/84,M ,Divorced,US Citizen,No,Black or African American,5/18/2014,,N/A-StillEmployed,Active,Sales,Debra Houlihan,15,Diversity Job Fair,"2,4",4,0,0,4,4,3,3,2,4,2,40,2,2,4,4,2
"Smith, Leigh Ann",2,1,55000,1,2,Administrative Assistant,MA,1844,06/14/87,F,Married,US Citizen,No,Black or African American,9/26/2011,9/25/2017,career change,Voluntarily Terminated,Admin Offices,Brandon R. LeBlanc,1,Diversity Job Fair,"3,8",4,4,1,6,4,2,2,2,4,3,40,3,1,2,2,3
"Smith, Sade",2,0,58939,0,19,Production Technician I,MA,2130,02/02/65,F,Single,US Citizen,No,White,11/11/2013,,N/A-StillEmployed,Active,Production       ,Ketsia Liebig,19,Employee Referral,"3,73",3,0,0,7,4,4,2,4,4,3,24,2,2,2,4,3
"Soto, Julia ",3,0,66593,0,14,IT Support,MA,2360,03/12/73,F,Married,US Citizen,No,Black or African American,6/10/2011,,N/A-StillEmployed,Active,IT/IS,Eric Dougall,6,LinkedIn,"4,3",3,5,1,7,3,2,3,3,4,2,40,2,3,3,4,3
"Soze, Keyser",2,0,87565,0,28,Sr. Network Engineer,MA,1545,02/09/83,M ,Married,US Citizen,No,Asian,6/30/2016,,N/A-StillEmployed,Active,IT/IS,Peter Monroe,7,LinkedIn,"3,27",4,5,1,6,4,3,3,3,3,3,40,4,1,4,4,3
"Sparks, Taylor  ",3,0,64021,0,19,Production Technician I,MA,2093,07/20/68,F,Married,US Citizen,No,White,2/20/2012,,N/A-StillEmployed,Active,Production       ,Brannon Miller,12,Indeed,"2,4",2,1,0,6,3,2,3,3,1,1,24,1,2,2,3,1
"Spirea, Kelley",3,0,65714,0,18,Production Manager,MA,2451,09/30/75,F,Married,US Citizen,No,White,10/2/2012,,N/A-StillEmployed,Active,Production       ,Janet King,2,LinkedIn,"4,83",5,0,1,5,3,3,4,4,5,4,40,4,3,4,5,4
"Squatrito, Kristen",3,0,62425,1,19,Production Technician I,MA,2359,03/26/73,F,Divorced,US Citizen,No,White,5/13/2013,6/29/2019,unhappy,Voluntarily Terminated,Production       ,David Stanley,14,LinkedIn,"4,1",4,0,0,6,4,3,3,3,4,3,32,3,1,3,4,3
"Stanford,Barbara  M",2,0,47961,0,19,Production Technician I,MA,2050,08/25/82,F,Divorced,US Citizen,No,Two or more races,1/10/2011,,N/A-StillEmployed,Active,Production       ,Kissy Sullivan,20,Google Search,"4,1",4,0,0,5,2,2,5,2,2,3,32,3,3,5,3,3
"Stansfield, Norman",2,0,58273,0,3,Area Sales Manager,NV,89139,05/09/74,M ,Married,US Citizen,No,White,5/12/2014,,N/A-StillEmployed,Active,Sales,Lynn Daneault,21,Website,"1,81",2,0,0,7,5,2,2,2,1,3,40,1,2,2,3,1
"Steans, Tyrone  ",2,0,63003,0,1,Accountant I,MA,2703,09/01/86,M ,Single,US Citizen,No,White,9/29/2014,,N/A-StillEmployed,Active,Admin Offices,Brandon R. LeBlanc,1,Indeed,"3,9",5,5,1,3,2,2,4,2,4,3,40,3,3,4,4,2
"Stoica, Rick",2,0,61355,0,19,Production Technician I,MA,2301,03/14/85,M ,Married,US Citizen,No,Asian,2/17/2014,,N/A-StillEmployed,Active,Production       ,Kelley Spirea,18,LinkedIn,"4,7",3,0,0,4,3,3,3,3,4,3,40,3,3,2,3,4
"Strong, Caitrin",3,0,60120,0,3,Area Sales Manager,MT,59102,05/12/89,F,Married,US Citizen,No,Black or African American,9/27/2010,,N/A-StillEmployed,Active,Sales,John Smith,17,Indeed,"4,1",4,0,0,7,3,3,4,2,3,3,40,3,3,5,3,4
"Sullivan, Kissy ",3,0,63682,0,18,Production Manager,MA,1776,03/28/78,F,Married,US Citizen,No,Black or African American,1/8/2009,,N/A-StillEmployed,Active,Production       ,Janet King,2,Indeed,"3,73",4,0,1,8,4,3,4,4,2,2,24,3,1,1,3,4
"Sullivan, Timothy",3,0,63025,0,19,Production Technician I,MA,2747,10/07/82,M ,Married,US Citizen,Yes,White,1/5/2015,,N/A-StillEmployed,Active,Production       ,Michael Albert,22,Google Search,"4,36",5,0,0,6,3,3,4,3,5,3,24,3,3,3,4,3
"Sutwell, Barbara",3,0,59238,0,19,Production Technician I,MA,2718,08/15/68,F,Single,Eligible NonCitizen,No,Asian,5/14/2012,,N/A-StillEmployed,Active,Production       ,Elijiah Gray,16,Indeed,"3,4",5,0,0,4,3,3,3,3,4,3,40,3,3,4,4,3
"Szabo, Andrew",4,0,92989,0,24,Software Engineer,MA,2140,05/06/83,M ,Single,US Citizen,No,White,7/7/2014,,N/A-StillEmployed,Active,Software Engineering,Alex Sweetwater,10,LinkedIn,"4,5",5,5,0,6,4,4,3,5,5,2,32,5,2,3,4,3
"Tannen, Biff",3,0,90100,0,4,BI Developer,MA,2134,10/24/87,M ,Married,US Citizen,No,White,4/20/2017,,N/A-StillEmployed,Active,IT/IS,Brian Champaigne,13,Indeed,"3,4",3,6,0,7,4,3,4,4,4,2,40,2,3,3,3,2
"Tavares, Desiree  ",2,1,60754,1,19,Production Technician I,MA,1801,04/03/75,F,Married,Non-Citizen,No,Black or African American,4/27/2009,4/1/2017,Another position,Voluntarily Terminated,Production       ,Webster Butler,39,Diversity Job Fair,"4,5",5,0,0,2,3,3,3,2,4,3,40,3,2,3,3,2
"Tejeda, Lenora ",3,0,72202,1,20,Production Technician II,MA,2129,05/24/53,F,Married,US Citizen,No,White,5/16/2011,7/8/2021,Another position,Voluntarily Terminated,Production       ,Elijiah Gray,16,Google Search,"3,93",3,0,0,4,4,2,3,1,2,2,32,1,1,4,1,2
"Terry, Sharlene ",3,0,58370,0,3,Area Sales Manager,OR,97756,05/07/65,F,Single,US Citizen,No,Black or African American,9/29/2014,,N/A-StillEmployed,Active,Sales,Lynn Daneault,21,Indeed,"3,69",3,0,0,6,3,2,3,3,4,2,24,2,2,3,4,3
"Theamstern, Sophia",3,0,48413,1,19,Production Technician I,MA,2066,05/09/65,F,Single,US Citizen,No,White,7/5/2011,9/5/2020,return to school,Voluntarily Terminated,Production       ,Amy Dunn,11,Indeed,"3,98",4,0,0,5,2,3,3,3,4,1,32,1,3,1,4,3
"Thibaud, Kenneth",3,0,67176,1,20,Production Technician II,MA,2472,09/16/75,M ,Widowed,US Citizen,No,White,6/25/2007,8/30/2014,military,Voluntarily Terminated,Production       ,Webster Butler,39,Other,"4,1",4,0,0,6,2,2,4,3,2,2,40,3,1,3,2,3
"Tippett, Jeanette",4,0,56339,0,19,Production Technician I,MA,2093,06/05/67,F,Divorced,US Citizen,No,Black or African American,2/18/2013,,N/A-StillEmployed,Active,Production       ,Brannon Miller,12,Indeed,"4,21",5,0,0,4,3,4,2,4,5,3,32,3,3,4,4,4
"Torrence, Jack",3,0,64397,0,3,Area Sales Manager,ND,58782,01/15/68,M ,Separated,US Citizen,No,White,1/9/2006,,N/A-StillEmployed,Active,Sales,Lynn Daneault,21,Indeed,"4,1",3,0,0,9,4,2,2,2,3,3,32,1,3,3,3,2
"Trang, Mei",3,0,63025,0,19,Production Technician I,MA,2021,05/16/83,F,Single,US Citizen,No,White,2/17/2014,,N/A-StillEmployed,Active,Production       ,David Stanley,14,LinkedIn,"2,44",5,0,0,1,2,3,3,4,4,3,32,2,3,4,3,4
"Tredinnick, Neville ",2,0,75281,1,15,Network Engineer,MA,1420,05/05/88,M ,Married,US Citizen,No,White,1/5/2015,2/12/2020,medical issues,Voluntarily Terminated,IT/IS,Peter Monroe,7,CareerBuilder,5,3,5,1,7,3,1,2,3,2,1,40,3,1,3,3,3
"True, Edward",3,1,100416,1,24,Software Engineer,MA,2451,06/14/83,M ,Single,Non-Citizen,No,Black or African American,2/18/2013,4/15/2022,medical issues,Voluntarily Terminated,Software Engineering,Alex Sweetwater,10,Diversity Job Fair,"4,6",3,4,0,6,4,4,2,1,3,2,40,1,3,3,2,3
"Trzeciak, Cybil",3,0,74813,1,20,Production Technician II,MA,1778,03/15/85,F,Single,US Citizen,No,White,1/10/2011,7/2/2018,unhappy,Voluntarily Terminated,Production       ,Amy Dunn,11,LinkedIn,"4,4",3,0,0,7,4,2,2,2,2,3,32,3,2,2,4,2
"Turpin, Jumil",4,0,76029,0,15,Network Engineer,MA,2343,03/31/69,M ,Married,Eligible NonCitizen,No,White,3/30/2015,,N/A-StillEmployed,Active,IT/IS,Peter Monroe,7,Employee Referral,5,4,7,1,4,3,4,4,5,4,3,40,2,4,4,4,3
"Valentin,Jackie",3,0,57859,0,3,Area Sales Manager,AZ,85006,05/23/91,F,Married,US Citizen,No,Two or more races,7/5/2011,,N/A-StillEmployed,Active,Sales,John Smith,17,Indeed,"2,81",3,0,0,8,3,3,2,3,3,2,32,2,2,3,3,2
"Veera, Abdellah ",3,0,58523,1,19,Production Technician I,MA,2171,01/31/87,M ,Divorced,US Citizen,No,White,8/13/2012,2/5/2020,maternity leave - did not return,Voluntarily Terminated,Production       ,Kissy Sullivan,20,LinkedIn,"4,5",5,0,0,3,4,2,4,2,3,4,32,3,3,3,3,4
"Vega, Vincent",4,0,88976,0,17,Production Manager,MA,2169,10/10/68,M ,Divorced,US Citizen,No,White,8/1/2011,,N/A-StillEmployed,Active,Production       ,Janet King,2,Employee Referral,"3,93",3,0,1,6,4,2,4,5,2,3,32,1,4,3,4,2
"Villanueva, Noah",3,0,55875,0,3,Area Sales Manager,ME,4063,07/11/89,M ,Single,US Citizen,No,Asian,3/5/2012,,N/A-StillEmployed,Active,Sales,John Smith,17,Website,"4,5",4,0,0,5,4,3,5,5,5,4,40,3,3,4,4,3
"Voldemort, Lord",3,0,113999,1,8,Database Administrator,MA,1960,08/07/86,M ,Married,US Citizen,No,Black or African American,2/16/2015,2/22/2021,"no-call, no-show",Terminated for Cause,IT/IS,Simon Roup,4,Employee Referral,"4,33",3,7,1,7,4,3,2,2,3,2,40,2,3,4,2,2
"Volk, Colleen",3,0,49773,1,19,Production Technician I,MA,2747,06/03/86,F,Married,US Citizen,No,White,9/26/2011,2/8/2020,gross misconduct,Terminated for Cause,Production       ,Kelley Spirea,18,Google Search,"4,3",5,0,0,3,3,4,2,3,2,3,32,2,3,4,3,3
"Von Massenbach, Anna",3,0,62068,0,19,Production Technician I,MA,2124,04/06/85,F,Single,US Citizen,No,White,7/5/2015,,N/A-StillEmployed,Active,Production       ,Michael Albert,22,LinkedIn,"3,21",3,0,0,3,4,4,4,4,3,3,40,1,3,3,3,4
"Walker, Roger",2,0,66541,0,20,Production Technician II,MA,2459,02/10/76,M ,Single,US Citizen,No,Black or African American,8/18/2014,,N/A-StillEmployed,Active,Production       ,Ketsia Liebig,19,Employee Referral,"3,11",5,0,0,4,2,2,3,2,3,4,40,2,3,5,3,2
"Wallace, Courtney  E",2,1,80512,1,18,Production Manager,MA,2478,11/14/55,F,Married,US Citizen,No,Black or African American,9/26/2011,1/2/2016,Another position,Voluntarily Terminated,Production       ,Janet King,2,Diversity Job Fair,"4,5",3,0,1,4,5,2,2,1,4,3,32,2,1,2,4,3
"Wallace, Theresa",1,0,50274,1,19,Production Technician I,MA,1887,08/02/80,F,Single,US Citizen,No,White,8/13/2012,9/1/2019,career change,Voluntarily Terminated,Production       ,Elijiah Gray,16,CareerBuilder,"2,5",3,0,0,2,3,1,2,1,3,3,32,1,2,2,2,3
"Wang, Charlie",4,0,84903,0,22,Senior BI Developer,MA,1887,07/08/81,M ,Single,US Citizen,No,Asian,2/15/2017,,N/A-StillEmployed,Active,IT/IS,Brian Champaigne,13,Indeed,"3,42",4,7,0,7,4,3,4,4,3,3,40,3,3,3,2,2
"Warfield, Sarah",4,0,107226,0,28,Sr. Network Engineer,MA,2453,05/02/78,F,Widowed,US Citizen,No,Asian,3/30/2015,,N/A-StillEmployed,Active,IT/IS,Peter Monroe,7,Employee Referral,"4,2",4,8,1,4,3,4,5,4,4,3,40,1,4,5,4,4
"Whittier, Scott",4,0,58371,1,19,Production Technician I,MA,2030,05/24/87,M ,Single,US Citizen,Yes,White,1/10/2011,5/15/2018,hours,Voluntarily Terminated,Production       ,Webster Butler,39,LinkedIn,5,5,0,0,1,4,3,3,3,3,2,40,2,3,4,4,2
"Wilber, Barry",4,0,55140,1,19,Production Technician I,MA,2324,09/09/65,M ,Married,Eligible NonCitizen,No,White,5/16/2011,9/7/2019,unhappy,Voluntarily Terminated,Production       ,Amy Dunn,11,Website,5,3,0,0,7,2,2,2,1,1,3,40,2,2,5,2,2
"Wilkes, Annie",3,0,58062,1,19,Production Technician I,MA,1876,07/30/83,F,Divorced,US Citizen,No,White,1/10/2011,5/14/2016,Another position,Voluntarily Terminated,Production       ,Ketsia Liebig,19,Google Search,"3,6",5,0,0,2,3,3,3,3,3,2,40,1,3,3,2,2
"Williams, Jacquelyn  ",3,1,59728,1,19,Production Technician I,MA,2109,10/02/69,F,Single,US Citizen,Yes,Black or African American,1/9/2012,6/27/2019,relocation out of area,Voluntarily Terminated,Production       ,Ketsia Liebig,19,Diversity Job Fair,"4,3",4,0,0,3,2,2,3,1,2,2,32,1,3,2,2,3
"Winthrop, Jordan  ",3,0,70507,1,20,Production Technician II,MA,2045,11/07/58,M ,Single,US Citizen,No,White,1/7/2013,2/21/2020,retiring,Voluntarily Terminated,Production       ,Brannon Miller,12,LinkedIn,5,3,0,0,5,1,2,4,2,2,2,40,2,1,3,4,3
"Wolk, Hang  T",3,0,60446,0,20,Production Technician II,MA,2302,04/20/85,F,Single,US Citizen,No,White,9/29/2014,,N/A-StillEmployed,Active,Production       ,David Stanley,14,LinkedIn,"3,4",4,0,0,6,2,4,1,3,3,2,40,3,2,3,4,2
"Woodson, Jason",3,0,65893,0,20,Production Technician II,MA,1810,05/11/85,M ,Single,US Citizen,No,White,7/7/2014,,N/A-StillEmployed,Active,Production       ,Kissy Sullivan,20,LinkedIn,"4,07",4,0,0,7,3,3,3,2,5,2,40,2,2,3,3,3
"Ybarra, Catherine ",3,0,48513,1,19,Production Technician I,MA,2458,05/04/82,F,Single,US Citizen,No,Asian,9/2/2008,9/29/2019,Another position,Voluntarily Terminated,Production       ,Brannon Miller,12,Google Search,"3,2",2,0,0,7,2,2,1,2,2,2,40,1,1,1,3,1
"Zamora, Jennifer",5,0,220450,0,6,CIO,MA,2067,08/30/79,F,Single,US Citizen,No,White,4/10/2010,,N/A-StillEmployed,Active,IT/IS,Janet King,2,Employee Referral,"4,6",5,6,1,4,3,2,5,3,4,4,40,3,3,5,4,3
"Zhou, Julia",4,0,89292,0,9,Data Analyst,MA,2148,02/24/79,F,Single,US Citizen,No,White,3/30/2015,,N/A-StillEmployed,Active,IT/IS,Simon Roup,4,Employee Referral,5,3,5,1,8,2,2,3,4,1,4,40,4,1,2,3,3
"Zima, Colleen",3,0,45046,0,19,Production Technician I,MA,1730,08/17/78,F,Widowed,US Citizen,No,Asian,9/29/2014,,N/A-StillEmployed,Active,Production       ,David Stanley,14,LinkedIn,"4,5",5,0,0,7,1,4,4,4,5,2,24,4,3,3,4,4